Survey Edition;Jan.-Feb. 1973;;;Jan.-Feb. 1974;;;Jan.-Feb. 1975;;;Jan.-Feb. 1976;;;Jan.-Feb. 1977;;;1978;;;1979;;;1980;;;1981;;;1982;;;1983-84;;;1984-85;;;1985-86;;;1986-87;;;1987-88;;;1988-89;;;1989-90;;;1990-91;;;1991-92;;;1992-93;;;1993-94;;;1994-95;;;1995-96;;;1996-97;;;1997-98;;;1998-99;;;1999-2000;;;2000-01;;;2001-02;;;2003;;;2004;;;2005;;;2006;;;2007;;;2008;;;2009;;;2010;;;2011;;;2012;;;2013;;;2014;;;2015;;;2016;;;2017;;;2018;;;2019;;;2020;;;2021;;;2022;;;2023;;;2024;;
Year(s) Under Review;1972;;;1973;;;1974;;;1975;;;1976;;;1977;;;1978;;;1979;;;1980;;;Jan.1981-Aug. 1982;;;Aug.1982-Nov.1983;;;Nov.1983-Nov.1984;;;Nov.1984-Nov.1985;;;Nov.1985-Nov.1986;;;Nov.1986-Nov.1987;;;Nov.1987-Nov.1988;;;Nov.1988-Dec.1989;;;1990;;;1991;;;1992;;;1993;;;1994;;;1995;;;1996;;;1997;;;1998;;;1999;;;2000;;;2001;;;2002;;;2003;;;2004;;;2005;;;2006;;;2007;;;2008;;;2009;;;2010;;;2011;;;2012;;;2013;;;2014;;;2015;;;2016;;;2017;;;2018;;;2019;;;2020;;;2021;;;2022;;;2023;;
;PR;CL ;Status;PR;CL ;Status;PR;CL ;Status;PR;CL ;Status;PR;CL ;Status;PR;CL ;Status;PR;CL ;Status;PR;CL ;Status;PR;CL ;Status;PR;CL ;Status;PR;CL ;Status;PR;CL ;Status;PR;CL ;Status;PR;CL ;Status;PR;CL ;Status;PR;CL ;Status;PR;CL ;Status;PR;CL ;Status;PR;CL ;Status;PR;CL ;Status;PR;CL ;Status;PR;CL ;Status;PR;CL ;Status;PR;CL ;Status;PR;CL ;Status;PR;CL ;Status;PR;CL ;Status;PR;CL ;Status;PR;CL ;Status;PR;CL ;Status;PR;CL ;Status;PR;CL ;Status;PR;CL ;Status;PR;CL ;Status;PR;CL ;Status;PR;CL ;Status;PR;CL;Status;PR;CL;Status;PR;CL;Status;PR;CL;Status;PR;CL;Status;PR;CL;Status;PR;CL;Status;PR;CL;Status;PR;CL;Status;PR;CL;Status;PR;CL;Status;PR;CL;Status;PR;CL;Status;PR;CL;Status;PR;CL;Status
Afghanistan;4;5;PF;7;6;NF;7;6;NF;7;6;NF;7;6;NF;6;6;NF;7;7;NF;7;7;NF;7;7;NF;7;7;NF;7;7;NF;7;7;NF;7;7;NF;7;7;NF;7;7;NF;6;6;NF;7;7;NF;7;7;NF;7;7;NF;6;6;NF;7;7;NF;7;7;NF;7;7;NF;7;7;NF;7;7;NF;7;7;NF;7;7;NF;7;7;NF;7;7;NF;6;6;NF;6;6;NF;5;6;NF;5;5;PF;5;5;PF;5;5;PF;5;6;NF;6;6;NF;6;6;NF;6;6;NF;6;6;NF;6;6;NF;6;6;NF;6;6;NF;6;6;NF;5;6;NF;5;6;NF;5;6;NF;5;6;NF;7;6;NF;7;7;NF;7;7;NF
Albania;7;7;NF;7;7;NF;7;7;NF;7;7;NF;7;7;NF;7;7;NF;7;7;NF;7;7;NF;7;7;NF;7;7;NF;7;7;NF;7;7;NF;7;7;NF;7;7;NF;7;7;NF;7;7;NF;7;7;NF;7;6;NF;4;4;PF;4;3;PF;2;4;PF;3;4;PF;3;4;PF;4;4;PF;4;4;PF;4;5;PF;4;5;PF;4;5;PF;3;4;PF;3;3;PF;3;3;PF;3;3;PF;3;3;PF;3;3;PF;3;3;PF;3;3;PF;3;3;PF;3;3;PF;3;3;PF;3;3;PF;3;3;PF;3;3;PF;3;3;PF;3;3;PF;3;3;PF;3;3;PF;3;3;PF;3;3;PF;3;3;PF;3;3;PF;3;3;PF
Algeria;6;6;NF;6;6;NF;6;6;NF;7;6;NF;6;6;NF;6;6;NF;6;6;NF;6;6;NF;6;6;NF;6;6;NF;6;6;NF;6;6;NF;6;6;NF;6;6;NF;6;6;NF;5;6;NF;6;4;PF;4;4;PF;4;4;PF;7;6;NF;7;6;NF;7;7;NF;6;6;NF;6;6;NF;6;6;NF;6;5;NF;6;5;NF;6;5;NF;6;5;NF;6;5;NF;6;5;NF;6;5;NF;6;5;NF;6;5;NF;6;5;NF;6;5;NF;6;5;NF;6;5;NF;6;5;NF;6;5;NF;6;5;NF;6;5;NF;6;5;NF;6;5;NF;6;5;NF;6;5;NF;6;5;NF;6;5;NF;6;5;NF;6;5;NF;6;5;NF
Andorra;4;3;PF;4;4;PF;4;4;PF;4;4;PF;4;4;PF;-;-;-;-;-;-;-;-;-;-;-;-;-;-;-;-;-;-;-;-;-;-;-;-;-;-;-;-;-;-;-;-;-;-;-;-;-;-;-;-;-;-;-;-;-;2;1;F;1;1;F;1;1;F;1;1;F;1;1;F;1;1;F;1;1;F;1;1;F;1;1;F;1;1;F;1;1;F;1;1;F;1;1;F;1;1;F;1;1;F;1;1;F;1;1;F;1;1;F;1;1;F;1;1;F;1;1;F;1;1;F;1;1;F;1;1;F;1;1;F;1;1;F;1;1;F;1;1;F;1;1;F;1;1;F;1;1;F
Angola;-;-;-;-;-;-;-;-;-;6;6;NF;6;6;NF;7;7;NF;7;7;NF;7;7;NF;7;7;NF;7;7;NF;7;7;NF;7;7;NF;7;7;NF;7;7;NF;7;7;NF;7;7;NF;7;7;NF;7;7;NF;6;4;PF;6;6;NF;7;7;NF;7;7;NF;6;6;NF;6;6;NF;6;6;NF;6;6;NF;6;6;NF;6;6;NF;6;6;NF;6;5;NF;6;5;NF;6;5;NF;6;5;NF;6;5;NF;6;5;NF;6;5;NF;6;5;NF;6;5;NF;6;5;NF;6;5;NF;6;5;NF;6;5;NF;6;6;NF;6;6;NF;6;6;NF;6;5;NF;6;5;NF;6;5;NF;6;5;NF;6;5;NF;6;5;NF
Antigua and Barbuda;-;-;-;-;-;-;-;-;-;-;-;-;-;-;-;-;-;-;-;-;-;-;-;-;-;-;-;2;2;F;2;3;F;2;3;F;2;3;F;2;3;F;2;3;F;2;3;F;2;3;F;3;2;F;3;3;PF;3;3;PF;4;3;PF;4;3;PF;4;3;PF;4;3;PF;4;3;PF;4;3;PF;4;3;PF;4;2;PF;4;2;PF;4;2;PF;4;2;PF;2;2;F;2;2;F;2;2;F;2;2;F;2;2;F;3;2;F;3;2;F;3;2;F;2;2;F;2;2;F;2;2;F;2;2;F;2;2;F;2;2;F;2;2;F;2;2;F;2;2;F;2;2;F;2;2;F;2;2;F
Argentina;6;3;PF;2;2;F;2;4;PF;2;4;PF;6;5;NF;6;6;NF;6;5;NF;6;5;NF;6;5;NF;6;5;NF;3;3;PF;2;2;F;2;2;F;2;1;F;2;1;F;2;1;F;1;2;F;1;3;F;1;3;F;2;3;F;2;3;F;2;3;F;2;3;F;2;3;F;2;3;F;3;3;F;2;3;F;1;2;F;3;3;PF;3;3;PF;2;2;F;2;2;F;2;2;F;2;2;F;2;2;F;2;2;F;2;2;F;2;2;F;2;2;F;2;2;F;2;2;F;2;2;F;2;2;F;2;2;F;2;2;F;2;2;F;2;2;F;2;2;F;2;2;F;2;2;F;2;2;F
Armenia;-;-;-;-;-;-;-;-;-;-;-;-;-;-;-;-;-;-;-;-;-;-;-;-;-;-;-;-;-;-;-;-;-;-;-;-;-;-;-;-;-;-;-;-;-;-;-;-;-;-;-;-;-;-;5;5;PF;4;3;PF;3;4;PF;3;4;PF;4;4;PF;5;4;PF;5;4;PF;4;4;PF;4;4;PF;4;4;PF;4;4;PF;4;4;PF;4;4;PF;5;4;PF;5;4;PF;5;4;PF;5;4;PF;6;4;PF;6;4;PF;6;4;PF;6;4;PF;5;4;PF;5;4;PF;5;4;PF;5;4;PF;5;4;PF;5;4;PF;4;4;PF;4;4;PF;4;4;PF;4;4;PF;4;4;PF;4;4;PF
Australia;1;1;F;1;1;F;1;1;F;1;1;F;1;1;F;1;1;F;1;1;F;1;1;F;1;1;F;1;1;F;1;1;F;1;1;F;1;1;F;1;1;F;1;1;F;1;1;F;1;1;F;1;1;F;1;1;F;1;1;F;1;1;F;1;1;F;1;1;F;1;1;F;1;1;F;1;1;F;1;1;F;1;1;F;1;1;F;1;1;F;1;1;F;1;1;F;1;1;F;1;1;F;1;1;F;1;1;F;1;1;F;1;1;F;1;1;F;1;1;F;1;1;F;1;1;F;1;1;F;1;1;F;1;1;F;1;1;F;1;1;F;1;1;F;1;1;F;1;1;F;1;1;F
Austria;1;1;F;1;1;F;1;1;F;1;1;F;1;1;F;1;1;F;1;1;F;1;1;F;1;1;F;1;1;F;1;1;F;1;1;F;1;1;F;1;1;F;1;1;F;1;1;F;1;1;F;1;1;F;1;1;F;1;1;F;1;1;F;1;1;F;1;1;F;1;1;F;1;1;F;1;1;F;1;1;F;1;1;F;1;1;F;1;1;F;1;1;F;1;1;F;1;1;F;1;1;F;1;1;F;1;1;F;1;1;F;1;1;F;1;1;F;1;1;F;1;1;F;1;1;F;1;1;F;1;1;F;1;1;F;1;1;F;1;1;F;1;1;F;1;1;F;1;1;F;1;1;F
Azerbaijan;-;-;-;-;-;-;-;-;-;-;-;-;-;-;-;-;-;-;-;-;-;-;-;-;-;-;-;-;-;-;-;-;-;-;-;-;-;-;-;-;-;-;-;-;-;-;-;-;-;-;-;-;-;-;5;5;PF;5;5;PF;6;6;NF;6;6;NF;6;6;NF;6;5;NF;6;4;PF;6;4;PF;6;4;PF;6;5;PF;6;5;PF;6;5;PF;6;5;NF;6;5;NF;6;5;NF;6;5;NF;6;5;NF;6;5;NF;6;5;NF;6;5;NF;6;5;NF;6;5;NF;6;6;NF;6;6;NF;7;6;NF;7;6;NF;7;6;NF;7;6;NF;7;6;NF;7;6;NF;7;7;NF;7;7;NF;7;7;NF
Bahamas;-;-;-;1;2;F;1;2;F;1;2;F;1;2;F;1;2;F;1;2;F;1;2;F;1;2;F;1;2;F;2;2;F;2;2;F;2;2;F;2;2;F;2;3;F;2;3;F;2;3;F;2;3;F;2;3;F;1;2;F;1;2;F;1;2;F;1;2;F;1;2;F;1;2;F;1;2;F;1;1;F;1;1;F;1;1;F;1;1;F;1;1;F;1;1;F;1;1;F;1;1;F;1;1;F;1;1;F;1;1;F;1;1;F;1;1;F;1;1;F;1;1;F;1;1;F;1;1;F;1;1;F;1;1;F;1;1;F;1;1;F;1;1;F;1;1;F;1;1;F;1;1;F
Bahrain;6;5;NF;6;5;NF;4;4;PF;6;4;PF;6;4;PF;6;4;PF;6;4;PF;5;4;PF;5;5;PF;5;5;PF;5;5;PF;5;5;PF;5;5;PF;5;5;PF;5;5;PF;5;5;PF;6;5;PF;6;5;PF;6;5;PF;6;5;PF;6;6;NF;6;6;NF;6;6;NF;7;6;NF;7;6;NF;7;6;NF;7;6;NF;7;6;NF;6;5;NF;5;5;PF;5;5;PF;5;5;PF;5;5;PF;5;5;PF;5;5;PF;5;5;PF;6;5;NF;6;5;NF;6;6;NF;6;6;NF;6;6;NF;7;6;NF;7;6;NF;7;6;NF;7;6;NF;7;6;NF;7;6;NF;7;6;NF;7;6;NF;7;6;NF;7;6;NF
Bangladesh;2;4;PF;4;4;PF;4;4;PF;7;5;NF;7;4;PF;6;4;PF;4;4;PF;3;3;PF;3;4;PF;5;5;PF;6;5;PF;6;5;PF;5;5;PF;4;5;PF;4;5;PF;4;5;PF;4;4;PF;5;5;PF;2;3;F;2;3;F;2;4;PF;2;4;PF;3;4;PF;2;4;PF;2;4;PF;2;4;PF;3;4;PF;3;4;PF;3;4;PF;4;4;PF;4;4;PF;4;4;PF;4;4;PF;4;4;PF;5;4;PF;4;4;PF;3;4;PF;3;4;PF;3;4;PF;3;4;PF;3;4;PF;4;4;PF;4;4;PF;4;4;PF;4;4;PF;5;5;PF;5;5;PF;5;5;PF;5;5;PF;5;5;PF;5;5;PF
Barbados;1;1;F;1;1;F;1;1;F;1;1;F;1;1;F;1;1;F;1;1;F;1;1;F;1;1;F;1;1;F;1;1;F;1;2;F;1;2;F;1;1;F;1;1;F;1;1;F;1;1;F;1;1;F;1;1;F;1;1;F;1;1;F;1;1;F;1;1;F;1;1;F;1;1;F;1;1;F;1;1;F;1;1;F;1;1;F;1;1;F;1;1;F;1;1;F;1;1;F;1;1;F;1;1;F;1;1;F;1;1;F;1;1;F;1;1;F;1;1;F;1;1;F;1;1;F;1;1;F;1;1;F;1;1;F;1;1;F;1;1;F;1;1;F;1;1;F;1;1;F;1;1;F
Belarus;-;-;-;-;-;-;-;-;-;-;-;-;-;-;-;-;-;-;-;-;-;-;-;-;-;-;-;-;-;-;-;-;-;-;-;-;-;-;-;-;-;-;-;-;-;-;-;-;-;-;-;-;-;-;4;4;PF;4;3;PF;5;4;PF;4;4;PF;5;5;PF;6;6;NF;6;6;NF;6;6;NF;6;6;NF;6;6;NF;6;6;NF;6;6;NF;6;6;NF;7;6;NF;7;6;NF;7;6;NF;7;6;NF;7;6;NF;7;6;NF;7;6;NF;7;6;NF;7;6;NF;7;6;NF;7;6;NF;7;6;NF;7;6;NF;6;6;NF;7;6;NF;7;6;NF;7;6;NF;7;7;NF;7;7;NF;7;7;NF
Belgium;1;1;F;1;1;F;1;1;F;1;1;F;1;1;F;1;1;F;1;1;F;1;1;F;1;1;F;1;1;F;1;1;F;1;1;F;1;1;F;1;1;F;1;1;F;1;1;F;1;1;F;1;1;F;1;1;F;1;1;F;1;1;F;1;1;F;1;1;F;1;2;F;1;2;F;1;2;F;1;2;F;1;2;F;1;2;F;1;1;F;1;1;F;1;1;F;1;1;F;1;1;F;1;1;F;1;1;F;1;1;F;1;1;F;1;1;F;1;1;F;1;1;F;1;1;F;1;1;F;1;1;F;1;1;F;1;1;F;1;1;F;1;1;F;1;1;F;1;1;F;1;1;F
Belize;-;-;-;-;-;-;-;-;-;-;-;-;-;-;-;-;-;-;-;-;-;-;-;-;-;-;-;1;2;F;1;2;F;2;1;F;1;1;F;1;1;F;1;1;F;1;2;F;1;2;F;1;2;F;1;1;F;1;1;F;1;1;F;1;1;F;1;1;F;1;1;F;1;1;F;1;1;F;1;1;F;1;1;F;1;2;F;1;2;F;1;2;F;1;2;F;1;2;F;1;2;F;1;2;F;1;2;F;1;2;F;1;2;F;1;2;F;1;2;F;1;2;F;1;2;F;1;2;F;1;2;F;1;2;F;1;2;F;2;2;F;2;1;F;2;1;F;2;1;F;2;1;F
Benin;7;5;NF;7;5;NF;7;6;NF;7;7;NF;7;7;NF;7;7;NF;7;7;NF;7;6;NF;7;6;NF;7;6;NF;7;6;NF;7;7;NF;7;7;NF;7;7;NF;7;7;NF;7;7;NF;7;7;NF;6;4;PF;2;3;F;2;3;F;2;3;F;2;3;F;2;2;F;2;2;F;2;2;F;2;2;F;2;3;F;2;2;F;3;2;F;3;2;F;2;2;F;2;2;F;2;2;F;2;2;F;2;2;F;2;2;F;2;2;F;2;2;F;2;2;F;2;2;F;2;2;F;2;2;F;2;2;F;2;2;F;2;2;F;2;2;F;4;2;PF;4;2;PF;5;3;PF;5;3;PF;4;3;PF
Bhutan;4;4;PF;4;4;PF;4;4;PF;4;4;PF;4;4;PF;4;4;PF;5;5;PF;5;5;PF;5;5;PF;5;5;PF;5;5;PF;5;5;PF;5;5;PF;5;5;PF;5;5;PF;5;5;PF;6;5;PF;6;5;PF;6;5;PF;7;6;NF;7;7;NF;7;7;NF;7;7;NF;7;7;NF;7;7;NF;7;6;NF;7;6;NF;7;6;NF;7;6;NF;6;5;NF;6;5;NF;6;5;NF;6;5;NF;6;5;NF;6;5;NF;4;5;PF;4;5;PF;4;5;PF;4;5;PF;4;5;PF;3;4;PF;3;4;PF;3;4;PF;3;4;PF;3;4;PF;3;4;PF;3;4;PF;2;4;PF;3;4;PF;3;4;PF;2;4;PF
Bolivia;5;4;PF;5;4;PF;6;5;NF;6;5;NF;6;4;PF;6;4;PF;5;3;PF;3;3;PF;7;5;NF;7;4;PF;2;3;F;2;3;F;2;3;F;2;3;F;2;3;F;2;3;F;2;3;F;2;3;F;2;3;F;2;3;F;2;3;F;2;3;F;2;4;PF;2;3;F;1;3;F;1;3;F;1;3;F;1;3;F;1;3;F;2;3;F;3;3;PF;3;3;PF;3;3;PF;3;3;PF;3;3;PF;3;3;PF;3;3;PF;3;3;PF;3;3;PF;3;3;PF;3;3;PF;3;3;PF;3;3;PF;3;3;PF;3;3;PF;3;3;PF;3;3;PF;3;3;PF;3;3;PF;3;3;PF;3;3;PF
Bosnia and Herzegovina;-;-;-;-;-;-;-;-;-;-;-;-;-;-;-;-;-;-;-;-;-;-;-;-;-;-;-;-;-;-;-;-;-;-;-;-;-;-;-;-;-;-;-;-;-;-;-;-;-;-;-;-;-;-;-;-;-;6;6;NF;6;6;NF;6;6;NF;6;6;NF;5;5;PF;5;5;PF;5;5;PF;5;5;PF;5;4;PF;5;4;PF;4;4;PF;4;4;PF;4;3;PF;4;3;PF;3;3;PF;4;3;PF;4;3;PF;4;3;PF;4;3;PF;4;3;PF;3;3;PF;3;3;PF;4;3;PF;4;3;PF;4;4;PF;4;4;PF;4;4;PF;4;4;PF;4;4;PF;4;4;PF;4;4;PF;5;4;PF
Botswana;3;4;PF;2;3;F;2;3;F;2;3;F;2;3;F;2;3;F;2;3;F;2;2;F;2;3;F;2;3;F;2;3;F;2;3;F;2;3;F;2;3;F;2;3;F;2;3;F;1;2;F;1;2;F;1;2;F;1;2;F;2;3;F;2;3;F;2;2;F;2;2;F;2;2;F;2;2;F;2;2;F;2;2;F;2;2;F;2;2;F;2;2;F;2;2;F;2;2;F;2;2;F;2;2;F;2;2;F;3;2;F;3;2;F;3;2;F;3;2;F;3;2;F;3;2;F;3;2;F;3;2;F;3;2;F;3;2;F;3;2;F;3;2;F;3;2;F;3;2;F;3;2;F
Brazil;5;5;PF;5;5;PF;4;4;PF;4;5;PF;4;5;PF;4;5;PF;4;4;PF;4;3;PF;4;3;PF;4;3;PF;3;3;PF;3;3;PF;3;2;F;2;2;F;2;2;F;2;3;F;2;2;F;2;3;F;2;3;F;2;3;F;3;4;PF;2;4;PF;2;4;PF;2;4;PF;3;4;PF;3;4;PF;3;4;PF;3;3;PF;3;3;PF;2;3;F;2;3;F;2;3;F;2;2;F;2;2;F;2;2;F;2;2;F;2;2;F;2;2;F;2;2;F;2;2;F;2;2;F;2;2;F;2;2;F;2;2;F;2;2;F;2;2;F;2;2;F;2;3;F;2;3;F;2;3;F;2;3;F
Brunei;6;5;NF;6;5;NF;6;5;NF;6;5;NF;6;5;NF;-;-;-;-;-;-;-;-;-;-;-;-;-;-;-;-;-;-;6;6;NF;6;5;PF;6;5;PF;6;5;PF;6;6;NF;6;6;NF;6;5;NF;6;5;NF;7;6;NF;7;6;NF;7;6;NF;7;5;NF;7;5;NF;7;5;NF;7;5;NF;7;5;NF;7;5;NF;7;5;NF;6;5;NF;6;5;NF;6;5;NF;6;5;NF;6;5;NF;6;5;NF;6;5;NF;6;5;NF;6;5;NF;6;5;NF;6;5;NF;6;5;NF;6;5;NF;6;5;NF;6;5;NF;6;5;NF;6;5;NF;6;5;NF;6;5;NF;6;5;NF;6;5;NF;6;5;NF
Bulgaria;7;7;NF;7;7;NF;7;7;NF;7;7;NF;7;7;NF;7;7;NF;7;7;NF;7;7;NF;7;7;NF;7;7;NF;7;7;NF;7;7;NF;7;7;NF;7;7;NF;7;7;NF;7;7;NF;7;7;NF;3;4;PF;2;3;F;2;3;F;2;2;F;2;2;F;2;2;F;2;3;F;2;3;F;2;3;F;2;3;F;2;3;F;1;3;F;1;2;F;1;2;F;1;2;F;1;2;F;1;2;F;1;2;F;2;2;F;2;2;F;2;2;F;2;2;F;2;2;F;2;2;F;2;2;F;2;2;F;2;2;F;2;2;F;2;2;F;2;2;F;2;2;F;2;2;F;2;2;F;2;2;F
Burkina Faso;3;4;PF;3;4;PF;6;4;PF;6;4;PF;5;5;PF;5;4;PF;2;3;F;2;3;F;6;5;PF;6;5;PF;6;5;PF;7;5;NF;7;6;NF;7;6;NF;7;6;NF;7;6;NF;6;5;NF;6;5;NF;6;5;NF;5;5;PF;5;4;PF;5;4;PF;5;4;PF;5;4;PF;5;4;PF;5;4;PF;4;4;PF;4;4;PF;4;4;PF;4;4;PF;4;4;PF;5;4;PF;5;3;PF;5;3;PF;5;3;PF;5;3;PF;5;3;PF;5;3;PF;5;3;PF;5;3;PF;5;3;PF;6;3;PF;4;3;PF;4;3;PF;4;3;PF;4;3;PF;4;4;PF;4;4;PF;4;4;PF;7;4;NF;7;5;NF
Burundi;7;7;NF;7;7;NF;7;7;NF;7;6;NF;7;6;NF;7;6;NF;7;7;NF;7;7;NF;7;6;NF;7;6;NF;6;6;NF;7;6;NF;7;6;NF;7;6;NF;7;6;NF;7;6;NF;7;6;NF;7;6;NF;7;6;NF;6;5;PF;7;7;NF;6;7;NF;6;7;NF;7;7;NF;7;7;NF;7;6;NF;6;6;NF;6;6;NF;6;6;NF;6;5;NF;5;5;PF;5;5;PF;3;5;PF;4;5;PF;4;5;PF;4;5;PF;4;5;PF;5;5;PF;5;5;PF;5;5;PF;5;5;PF;6;5;NF;7;6;NF;7;6;NF;7;6;NF;7;6;NF;7;6;NF;7;6;NF;7;6;NF;7;6;NF;7;6;NF
Cabo Verde;-;-;-;-;-;-;-;-;-;5;5;PF;6;6;NF;6;6;NF;6;6;NF;6;6;NF;6;6;NF;6;6;NF;6;6;NF;6;7;NF;6;7;NF;6;6;NF;5;6;PF;5;6;NF;6;5;NF;5;5;PF;2;3;F;1;2;F;1;2;F;1;2;F;1;2;F;1;2;F;1;2;F;1;2;F;1;2;F;1;2;F;1;2;F;1;2;F;1;1;F;1;1;F;1;1;F;1;1;F;1;1;F;1;1;F;1;1;F;1;1;F;1;1;F;1;1;F;1;1;F;1;1;F;1;1;F;1;1;F;1;1;F;1;1;F;1;1;F;1;1;F;1;1;F;1;1;F;1;1;F
Cambodia;6;5;NF;6;5;NF;6;6;NF;7;7;NF;7;7;NF;7;7;NF;7;7;NF;7;7;NF;7;7;NF;7;7;NF;7;7;NF;7;7;NF;7;7;NF;7;7;NF;7;7;NF;7;7;NF;7;7;NF;7;7;NF;6;6;NF;6;6;NF;4;5;PF;4;5;PF;6;6;NF;6;6;NF;7;6;NF;6;6;NF;6;6;NF;6;6;NF;6;5;NF;6;5;NF;6;5;NF;6;5;NF;6;5;NF;6;5;NF;6;5;NF;6;5;NF;6;5;NF;6;5;NF;6;5;NF;6;5;NF;6;5;NF;6;5;NF;6;5;NF;6;5;NF;6;5;NF;6;5;NF;7;5;NF;7;5;NF;7;5;NF;7;5;NF;7;5;NF
Cameroon;6;4;PF;6;4;PF;6;4;PF;6;4;PF;7;5;NF;6;5;NF;6;6;NF;6;6;NF;6;6;NF;6;6;NF;6;6;NF;6;7;NF;6;7;NF;6;6;NF;6;6;NF;6;6;NF;6;6;NF;6;6;NF;6;6;NF;6;5;NF;6;5;NF;6;5;NF;7;5;NF;7;5;NF;7;5;NF;7;5;NF;7;6;NF;7;6;NF;6;6;NF;6;6;NF;6;6;NF;6;6;NF;6;6;NF;6;6;NF;6;6;NF;6;6;NF;6;6;NF;6;6;NF;6;6;NF;6;6;NF;6;6;NF;6;6;NF;6;6;NF;6;6;NF;6;6;NF;6;6;NF;6;6;NF;6;6;NF;6;6;NF;6;6;NF;6;6;NF
Canada;1;1;F;1;1;F;1;1;F;1;1;F;1;1;F;1;1;F;1;1;F;1;1;F;1;1;F;1;1;F;1;1;F;1;1;F;1;1;F;1;1;F;1;1;F;1;1;F;1;1;F;1;1;F;1;1;F;1;1;F;1;1;F;1;1;F;1;1;F;1;1;F;1;1;F;1;1;F;1;1;F;1;1;F;1;1;F;1;1;F;1;1;F;1;1;F;1;1;F;1;1;F;1;1;F;1;1;F;1;1;F;1;1;F;1;1;F;1;1;F;1;1;F;1;1;F;1;1;F;1;1;F;1;1;F;1;1;F;1;1;F;1;1;F;1;1;F;1;1;F;1;1;F
Central African Republic;7;7;NF;7;7;NF;7;7;NF;7;7;NF;7;7;NF;7;7;NF;7;7;NF;7;6;NF;7;5;NF;7;5;NF;7;5;NF;7;6;NF;7;6;NF;7;6;NF;6;6;NF;6;6;NF;6;6;NF;6;5;NF;6;5;PF;6;5;PF;3;4;PF;3;4;PF;3;4;PF;3;5;PF;3;5;PF;3;4;PF;3;4;PF;3;4;PF;5;5;PF;5;5;PF;7;5;NF;6;5;NF;5;4;PF;5;4;PF;5;5;PF;5;5;PF;5;5;PF;5;5;PF;5;5;PF;5;5;PF;7;7;NF;7;7;NF;7;7;NF;7;7;NF;7;7;NF;7;7;NF;7;7;NF;7;7;NF;7;7;NF;7;7;NF;7;7;NF
Chad;6;7;NF;6;7;NF;6;7;NF;7;6;NF;7;6;NF;7;6;NF;6;6;NF;6;6;NF;7;6;NF;7;6;NF;7;6;NF;7;7;NF;7;7;NF;7;7;NF;6;7;NF;6;7;NF;7;6;NF;7;6;NF;6;6;NF;6;6;NF;6;5;NF;6;5;NF;6;5;NF;6;5;NF;6;5;NF;6;4;NF;6;5;NF;6;5;NF;6;5;NF;6;5;NF;6;5;NF;6;5;NF;6;5;NF;6;6;NF;7;6;NF;7;6;NF;7;6;NF;7;6;NF;7;6;NF;7;6;NF;7;6;NF;7;6;NF;7;6;NF;7;6;NF;7;6;NF;7;6;NF;7;6;NF;7;6;NF;7;6;NF;7;6;NF;7;6;NF
Chile;1;2;F;7;5;NF;7;5;NF;7;5;NF;7;5;NF;7;5;NF;6;5;NF;6;5;PF;6;5;PF;6;5;PF;6;5;PF;6;5;PF;6;5;PF;6;5;PF;6;5;PF;5;4;PF;4;3;PF;2;2;F;2;2;F;2;2;F;2;2;F;2;2;F;2;2;F;2;2;F;2;2;F;3;2;F;2;2;F;2;2;F;2;2;F;2;1;F;1;1;F;1;1;F;1;1;F;1;1;F;1;1;F;1;1;F;1;1;F;1;1;F;1;1;F;1;1;F;1;1;F;1;1;F;1;1;F;1;1;F;1;1;F;1;1;F;1;2;F;1;1;F;1;1;F;1;1;F;1;1;F
China;7;7;NF;7;7;NF;7;7;NF;7;7;NF;7;7;NF;6;6;NF;6;6;NF;6;6;NF;6;6;NF;6;6;NF;6;6;NF;6;6;NF;6;6;NF;6;6;NF;6;6;NF;6;6;NF;7;7;NF;7;7;NF;7;7;NF;7;7;NF;7;7;NF;7;7;NF;7;7;NF;7;7;NF;7;7;NF;7;6;NF;7;6;NF;7;6;NF;7;6;NF;7;6;NF;7;6;NF;7;6;NF;7;6;NF;7;6;NF;7;6;NF;7;6;NF;7;6;NF;7;6;NF;7;6;NF;7;6;NF;7;6;NF;7;6;NF;7;6;NF;7;6;NF;7;6;NF;7;6;NF;7;6;NF;7;6;NF;7;6;NF;7;6;NF;7;6;NF
Colombia;2;2;F;2;2;F;2;2;F;2;3;F;2;3;F;2;3;F;2;3;F;2;3;F;2;3;F;2;3;F;2;3;F;2;3;F;2;3;F;2;3;F;2;3;F;2;3;F;3;4;PF;3;4;PF;2;4;PF;2;4;PF;2;4;PF;3;4;PF;4;4;PF;4;4;PF;4;4;PF;3;4;PF;4;4;PF;4;4;PF;4;4;PF;4;4;PF;4;4;PF;4;4;PF;3;3;PF;3;3;PF;3;3;PF;3;4;PF;3;4;PF;3;4;PF;3;4;PF;3;4;PF;3;4;PF;3;4;PF;3;4;PF;3;3;PF;3;3;PF;3;3;PF;3;3;PF;3;3;PF;3;3;PF;2;3;F;2;3;F
Comoros;-;-;-;-;-;-;-;-;-;5;2;PF;5;3;PF;4;4;PF;5;4;PF;4;5;PF;4;5;PF;4;5;PF;4;4;PF;5;5;PF;6;6;NF;6;6;NF;6;6;NF;6;6;NF;6;5;NF;5;5;PF;4;3;PF;4;2;PF;4;4;PF;4;4;PF;4;4;PF;4;4;PF;5;4;PF;5;4;PF;6;4;PF;6;4;PF;6;4;PF;5;4;PF;5;4;PF;4;4;PF;4;4;PF;3;4;PF;4;4;PF;3;4;PF;3;4;PF;3;4;PF;3;4;PF;3;4;PF;3;4;PF;3;4;PF;3;4;PF;3;4;PF;3;4;PF;4;4;PF;4;4;PF;5;4;PF;5;4;PF;5;4;PF;5;4;PF
Congo (Brazzaville);7;7;NF;5;6;PF;5;6;PF;5;6;PF;5;6;PF;7;6;NF;7;7;NF;7;7;NF;7;6;NF;7;6;NF;7;6;NF;7;6;NF;7;6;NF;7;6;NF;7;6;NF;7;6;NF;7;6;NF;6;6;NF;6;4;PF;3;3;PF;3;3;PF;4;4;PF;4;4;PF;4;4;PF;7;5;NF;7;5;NF;6;5;NF;6;4;PF;5;4;PF;6;4;PF;5;4;PF;5;4;PF;5;5;PF;6;5;NF;6;5;NF;6;5;NF;6;5;NF;6;5;NF;6;5;NF;6;5;NF;6;5;NF;6;5;NF;6;5;NF;7;5;NF;7;5;NF;7;5;NF;7;5;NF;7;5;NF;7;6;NF;7;6;NF;7;6;NF
Congo (Kinshasa);7;6;NF;7;6;NF;7;6;NF;7;7;NF;7;6;NF;6;6;NF;6;6;NF;6;6;NF;6;6;NF;6;6;NF;6;7;NF;6;7;NF;7;7;NF;7;7;NF;6;7;NF;6;7;NF;7;6;NF;6;6;NF;6;5;NF;6;5;NF;7;6;NF;7;6;NF;7;6;NF;7;6;NF;7;6;NF;7;6;NF;7;6;NF;7;6;NF;6;6;NF;6;6;NF;6;6;NF;6;6;NF;6;6;NF;5;6;NF;5;6;NF;6;6;NF;6;6;NF;6;6;NF;6;6;NF;6;6;NF;6;6;NF;6;6;NF;6;6;NF;7;6;NF;7;6;NF;7;6;NF;7;6;NF;7;6;NF;7;6;NF;7;6;NF;7;6;NF
Costa Rica;1;1;F;1;1;F;1;1;F;1;1;F;1;1;F;1;1;F;1;1;F;1;1;F;1;1;F;1;1;F;1;1;F;1;1;F;1;1;F;1;1;F;1;1;F;1;1;F;1;1;F;1;1;F;1;1;F;1;1;F;1;2;F;1;2;F;1;2;F;1;2;F;1;2;F;1;2;F;1;2;F;1;2;F;1;2;F;1;2;F;1;2;F;1;1;F;1;1;F;1;1;F;1;1;F;1;1;F;1;1;F;1;1;F;1;1;F;1;1;F;1;1;F;1;1;F;1;1;F;1;1;F;1;1;F;1;1;F;1;1;F;1;1;F;1;1;F;1;1;F;1;1;F
Cote d'Ivoire;6;6;NF;6;6;NF;6;6;NF;6;5;NF;6;5;NF;6;5;NF;6;5;PF;6;5;PF;5;5;PF;5;5;PF;5;5;PF;6;5;PF;6;5;PF;6;5;PF;6;5;PF;6;6;NF;6;5;PF;6;4;PF;6;4;PF;6;4;PF;6;5;NF;6;5;NF;6;5;NF;6;5;NF;6;4;NF;6;4;NF;6;5;PF;6;5;PF;5;4;PF;6;6;NF;6;5;NF;6;6;NF;6;6;NF;7;6;NF;7;5;NF;6;5;NF;6;5;NF;7;6;NF;6;6;NF;5;5;PF;5;4;PF;5;4;PF;4;4;PF;4;4;PF;4;4;PF;4;4;PF;4;4;PF;5;4;PF;4;4;PF;4;4;PF;4;4;PF
Croatia;-;-;-;-;-;-;-;-;-;-;-;-;-;-;-;-;-;-;-;-;-;-;-;-;-;-;-;-;-;-;-;-;-;-;-;-;-;-;-;-;-;-;-;-;-;-;-;-;-;-;-;-;-;-;3;4;PF;4;4;PF;4;4;PF;4;4;PF;4;4;PF;4;4;PF;4;4;PF;4;4;PF;4;4;PF;2;3;F;2;2;F;2;2;F;2;2;F;2;2;F;2;2;F;2;2;F;2;2;F;2;2;F;1;2;F;1;2;F;1;2;F;1;2;F;1;2;F;1;2;F;1;2;F;1;2;F;1;2;F;1;2;F;1;2;F;1;2;F;1;2;F;2;2;F;2;2;F
Cuba;7;7;NF;7;7;NF;7;7;NF;7;7;NF;7;6;NF;6;6;NF;6;6;NF;6;6;NF;6;6;NF;6;6;NF;6;6;NF;6;6;NF;6;6;NF;6;6;NF;6;6;NF;7;6;NF;7;7;NF;7;7;NF;7;7;NF;7;7;NF;7;7;NF;7;7;NF;7;7;NF;7;7;NF;7;7;NF;7;7;NF;7;7;NF;7;7;NF;7;7;NF;7;7;NF;7;7;NF;7;7;NF;7;7;NF;7;7;NF;7;7;NF;7;6;NF;7;6;NF;7;6;NF;7;6;NF;7;6;NF;7;6;NF;7;6;NF;7;6;NF;7;6;NF;7;6;NF;7;6;NF;7;6;NF;7;6;NF;7;6;NF;7;6;NF;7;6;NF
Cyprus;2;3;F;2;3;F;4;4;PF;4;4;PF;3;4;PF;3;4;PF;3;4;PF;3;3;PF;3;3;PF;1;2;F;1;2;F;1;2;F;1;2;F;1;2;F;1;2;F;1;2;F;1;1;F;1;1;F;1;1;F;1;1;F;1;1;F;1;1;F;1;1;F;1;1;F;1;1;F;1;1;F;1;1;F;1;1;F;1;1;F;1;1;F;1;1;F;1;1;F;1;1;F;1;1;F;1;1;F;1;1;F;1;1;F;1;1;F;1;1;F;1;1;F;1;1;F;1;1;F;1;1;F;1;1;F;1;1;F;1;1;F;1;1;F;1;1;F;1;1;F;1;1;F;1;1;F
Czech Republic;-;-;-;-;-;-;-;-;-;-;-;-;-;-;-;-;-;-;-;-;-;-;-;-;-;-;-;-;-;-;-;-;-;-;-;-;-;-;-;-;-;-;-;-;-;-;-;-;-;-;-;-;-;-;-;-;-;-;-;-;1;2;F;1;2;F;1;2;F;1;2;F;1;2;F;1;2;F;1;2;F;1;2;F;1;2;F;1;2;F;1;2;F;1;1;F;1;1;F;1;1;F;1;1;F;1;1;F;1;1;F;1;1;F;1;1;F;1;1;F;1;1;F;1;1;F;1;1;F;1;1;F;1;1;F;1;1;F;1;1;F;1;1;F;1;1;F;1;1;F;1;1;F
Czechoslovakia;7;7;NF;7;7;NF;7;7;NF;7;6;NF;7;6;NF;7;6;NF;7;6;NF;7;6;NF;7;6;NF;7;6;NF;7;6;NF;7;6;NF;7;6;NF;7;6;NF;7;6;NF;7;6;NF;6;6;NF;2;2;F;2;2;F;2;2;F;-;-;-;-;-;-;-;-;-;-;-;-;-;-;-;-;-;-;-;-;-;-;-;-;-;-;-;-;-;-;-;-;-;-;-;-;-;-;-;-;-;-;-;-;-;-;-;-;-;-;-;-;-;-;-;-;-;-;-;-;-;-;-;-;-;-;-;-;-;-;-;-;-;-;-;-;-;-;-;-;-;-;-;-;-;-;-;-;-;-;-;-;-
Denmark;1;1;F;1;1;F;1;1;F;1;1;F;1;1;F;1;1;F;1;1;F;1;1;F;1;1;F;1;1;F;1;1;F;1;1;F;1;1;F;1;1;F;1;1;F;1;1;F;1;1;F;1;1;F;1;1;F;1;1;F;1;1;F;1;1;F;1;1;F;1;1;F;1;1;F;1;1;F;1;1;F;1;1;F;1;1;F;1;1;F;1;1;F;1;1;F;1;1;F;1;1;F;1;1;F;1;1;F;1;1;F;1;1;F;1;1;F;1;1;F;1;1;F;1;1;F;1;1;F;1;1;F;1;1;F;1;1;F;1;1;F;1;1;F;1;1;F;1;1;F;1;1;F
Djibouti;-;-;-;-;-;-;-;-;-;-;-;-;-;-;-;3;4;PF;3;4;PF;3;4;PF;3;4;PF;5;6;NF;5;6;NF;5;6;PF;6;6;NF;6;6;NF;6;6;NF;6;6;NF;6;5;NF;6;5;NF;6;5;NF;6;6;NF;6;6;NF;6;6;NF;5;6;NF;5;6;NF;5;6;NF;5;6;NF;4;6;PF;4;5;PF;4;5;PF;4;5;PF;5;5;PF;5;5;PF;5;5;PF;5;5;PF;5;5;PF;5;5;PF;5;5;PF;6;5;NF;6;5;NF;6;5;NF;6;5;NF;6;5;NF;6;5;NF;6;5;NF;6;5;NF;6;5;NF;7;5;NF;7;5;NF;7;5;NF;7;5;NF;7;5;NF
Dominica;-;-;-;-;-;-;-;-;-;-;-;-;-;-;-;-;-;-;2;3;F;2;2;F;2;2;F;2;2;F;2;2;F;2;2;F;2;2;F;2;2;F;2;2;F;2;2;F;2;1;F;2;1;F;2;1;F;2;1;F;2;1;F;2;1;F;1;1;F;1;1;F;1;1;F;1;1;F;1;1;F;1;1;F;1;1;F;1;1;F;1;1;F;1;1;F;1;1;F;1;1;F;1;1;F;1;1;F;1;1;F;1;1;F;1;1;F;1;1;F;1;1;F;1;1;F;1;1;F;1;1;F;1;1;F;1;1;F;1;1;F;1;1;F;1;1;F;1;1;F;1;1;F
Dominican Republic;3;2;F;3;2;F;4;2;PF;4;2;PF;4;3;PF;4;2;PF;2;2;F;2;3;F;2;3;F;1;2;F;1;2;F;1;3;F;1;3;F;1;3;F;1;3;F;1;3;F;1;3;F;2;3;F;2;3;F;2;3;F;3;3;PF;4;3;PF;4;3;PF;3;3;PF;3;3;PF;2;3;F;2;3;F;2;2;F;2;2;F;2;2;F;3;2;F;2;2;F;2;2;F;2;2;F;2;2;F;2;2;F;2;2;F;2;2;F;2;2;F;2;2;F;2;3;F;2;3;F;3;3;PF;3;3;PF;3;3;PF;3;3;PF;3;3;PF;3;3;PF;3;3;PF;3;3;PF;3;3;PF
Ecuador;7;3;PF;7;4;PF;7;4;PF;7;4;PF;6;4;PF;6;4;PF;5;4;PF;2;2;F;2;2;F;2;2;F;2;2;F;2;2;F;2;3;F;2;3;F;2;3;F;2;2;F;2;2;F;2;2;F;2;3;F;2;3;F;2;3;F;2;3;F;2;3;F;2;4;PF;3;3;PF;2;3;F;2;3;F;3;3;PF;3;3;PF;3;3;PF;3;3;PF;3;3;PF;3;3;PF;3;3;PF;3;3;PF;3;3;PF;3;3;PF;3;3;PF;3;3;PF;3;3;PF;3;3;PF;3;3;PF;3;3;PF;3;4;PF;3;3;PF;3;3;PF;3;3;PF;3;3;PF;2;3;F;2;3;F;3;3;PF
Egypt;6;6;NF;6;6;NF;6;4;PF;6;4;PF;5;4;PF;5;4;PF;5;5;PF;5;5;PF;5;5;PF;5;5;PF;5;5;PF;4;4;PF;4;4;PF;5;4;PF;5;4;PF;5;4;PF;5;4;PF;5;4;PF;5;5;PF;5;6;PF;6;6;NF;6;6;NF;6;6;NF;6;6;NF;6;6;NF;6;6;NF;6;5;NF;6;5;NF;6;6;NF;6;6;NF;6;6;NF;6;5;NF;6;5;NF;6;5;NF;6;5;NF;6;5;NF;6;5;NF;6;5;NF;6;5;NF;5;5;PF;6;5;NF;6;5;NF;6;5;NF;6;5;NF;6;6;NF;6;6;NF;6;6;NF;6;6;NF;6;6;NF;6;6;NF;6;6;NF
El Salvador;2;3;F;2;3;F;2;3;F;2;3;F;3;3;PF;4;4;PF;5;5;PF;5;4;PF;5;5;PF;4;5;PF;4;5;PF;3;5;PF;2;4;PF;3;4;PF;3;4;PF;3;3;PF;3;4;PF;3;4;PF;3;4;PF;3;3;PF;3;3;PF;3;3;PF;3;3;PF;3;3;PF;2;3;F;2;3;F;2;3;F;2;3;F;2;3;F;2;3;F;2;3;F;2;3;F;2;3;F;2;3;F;2;3;F;2;3;F;2;3;F;2;3;F;2;3;F;2;3;F;2;3;F;2;3;F;2;3;F;2;3;F;2;3;F;2;3;F;2;4;PF;2;4;PF;3;4;PF;3;4;PF;4;4;PF
Equatorial Guinea;6;6;NF;6;6;NF;6;6;NF;6;7;NF;6;7;NF;7;7;NF;7;7;NF;7;6;NF;7;6;NF;7;6;NF;7;6;NF;7;6;NF;7;7;NF;7;7;NF;7;7;NF;7;7;NF;7;7;NF;7;7;NF;7;7;NF;7;6;NF;7;7;NF;7;7;NF;7;7;NF;7;7;NF;7;7;NF;7;7;NF;7;7;NF;7;7;NF;6;6;NF;7;6;NF;7;6;NF;7;6;NF;7;6;NF;7;6;NF;7;6;NF;7;7;NF;7;7;NF;7;7;NF;7;7;NF;7;7;NF;7;7;NF;7;7;NF;7;7;NF;7;7;NF;7;7;NF;7;7;NF;7;7;NF;7;7;NF;7;7;NF;7;7;NF;7;7;NF
Eritrea;-;-;-;-;-;-;-;-;-;-;-;-;-;-;-;-;-;-;-;-;-;-;-;-;-;-;-;-;-;-;-;-;-;-;-;-;-;-;-;-;-;-;-;-;-;-;-;-;-;-;-;-;-;-;-;-;-;-;-;-;6;5;NF;6;5;NF;6;4;PF;6;4;PF;6;4;PF;6;4;PF;7;5;NF;7;5;NF;7;6;NF;7;6;NF;7;6;NF;7;6;NF;7;6;NF;7;6;NF;7;6;NF;7;6;NF;7;7;NF;7;7;NF;7;7;NF;7;7;NF;7;7;NF;7;7;NF;7;7;NF;7;7;NF;7;7;NF;7;7;NF;7;7;NF;7;7;NF;7;7;NF;7;7;NF;7;7;NF
Estonia;-;-;-;-;-;-;-;-;-;-;-;-;-;-;-;-;-;-;-;-;-;-;-;-;-;-;-;-;-;-;-;-;-;-;-;-;-;-;-;-;-;-;-;-;-;-;-;-;-;-;-;-;-;-;2;3;F;3;3;PF;3;2;F;3;2;F;2;2;F;1;2;F;1;2;F;1;2;F;1;2;F;1;2;F;1;2;F;1;2;F;1;2;F;1;1;F;1;1;F;1;1;F;1;1;F;1;1;F;1;1;F;1;1;F;1;1;F;1;1;F;1;1;F;1;1;F;1;1;F;1;1;F;1;1;F;1;1;F;1;1;F;1;1;F;1;1;F;1;1;F;1;1;F
Eswatini;4;2;PF;6;4;PF;6;4;PF;6;4;PF;6;4;PF;6;4;PF;5;5;PF;5;5;PF;5;5;PF;5;5;PF;5;5;PF;5;6;PF;5;6;PF;5;6;PF;5;6;PF;5;6;PF;6;5;PF;6;5;PF;6;5;PF;6;5;PF;6;5;NF;6;5;NF;6;5;NF;6;5;NF;6;5;NF;6;4;NF;6;5;NF;6;5;NF;6;5;NF;6;5;NF;7;5;NF;7;5;NF;7;5;NF;7;5;NF;7;5;NF;7;5;NF;7;5;NF;7;5;NF;7;5;NF;7;5;NF;7;5;NF;7;5;NF;7;5;NF;7;5;NF;7;6;NF;7;6;NF;7;5;NF;7;5;NF;7;6;NF;7;6;NF;7;6;NF
Ethiopia;5;6;NF;5;6;PF;6;5;NF;7;6;NF;7;6;NF;7;7;NF;7;7;NF;7;7;NF;7;7;NF;7;7;NF;7;7;NF;7;7;NF;7;7;NF;7;7;NF;6;7;NF;6;7;NF;7;7;NF;7;7;NF;6;5;PF;6;4;PF;6;5;NF;6;5;NF;4;5;PF;4;5;PF;4;5;PF;4;4;PF;5;5;PF;5;5;PF;5;5;PF;5;5;PF;5;5;PF;5;5;PF;5;5;PF;5;5;PF;5;5;PF;5;5;PF;5;5;PF;6;6;NF;6;6;NF;6;6;NF;6;6;NF;6;6;NF;7;6;NF;7;6;NF;7;6;NF;6;6;NF;6;6;NF;6;6;NF;5;6;NF;6;6;NF;6;6;NF
Fiji;2;2;F;2;2;F;2;2;F;2;2;F;2;2;F;2;2;F;2;2;F;2;2;F;2;2;F;2;2;F;2;2;F;2;2;F;2;2;F;2;2;F;6;5;PF;5;4;PF;6;4;PF;6;4;PF;6;4;PF;4;3;PF;4;3;PF;4;3;PF;4;3;PF;4;3;PF;4;3;PF;4;3;PF;2;3;F;6;3;PF;4;3;PF;4;3;PF;4;3;PF;4;3;PF;4;3;PF;6;4;PF;6;4;PF;6;4;PF;6;4;PF;6;4;PF;6;4;PF;6;4;PF;6;4;PF;3;4;PF;3;3;PF;3;4;PF;3;3;PF;3;3;PF;3;3;PF;3;3;PF;4;3;PF;3;3;PF;3;3;PF
Finland;2;2;F;2;2;F;2;2;F;2;2;F;2;2;F;2;2;F;2;2;F;2;2;F;2;2;F;2;2;F;2;2;F;2;2;F;2;2;F;2;2;F;1;2;F;1;2;F;1;1;F;1;1;F;1;1;F;1;1;F;1;1;F;1;1;F;1;1;F;1;1;F;1;1;F;1;1;F;1;1;F;1;1;F;1;1;F;1;1;F;1;1;F;1;1;F;1;1;F;1;1;F;1;1;F;1;1;F;1;1;F;1;1;F;1;1;F;1;1;F;1;1;F;1;1;F;1;1;F;1;1;F;1;1;F;1;1;F;1;1;F;1;1;F;1;1;F;1;1;F;1;1;F
France;1;2;F;1;2;F;1;2;F;1;2;F;1;1;F;1;2;F;1;2;F;1;2;F;1;2;F;1;2;F;1;2;F;1;2;F;1;2;F;1;2;F;1;2;F;1;2;F;1;2;F;1;2;F;1;2;F;1;2;F;1;2;F;1;2;F;1;2;F;1;2;F;1;2;F;1;2;F;1;2;F;1;2;F;1;2;F;1;1;F;1;1;F;1;1;F;1;1;F;1;1;F;1;1;F;1;1;F;1;1;F;1;1;F;1;1;F;1;1;F;1;1;F;1;1;F;1;1;F;1;2;F;1;2;F;1;2;F;1;2;F;1;2;F;1;2;F;1;2;F;1;2;F
Gabon;6;6;NF;6;6;NF;6;6;NF;6;6;NF;6;6;NF;6;6;NF;6;6;NF;6;6;NF;6;6;NF;6;6;NF;6;6;NF;6;6;NF;6;6;NF;6;6;NF;6;6;NF;6;6;NF;6;5;NF;4;4;PF;4;3;PF;4;4;PF;5;4;PF;5;4;PF;5;4;PF;5;4;PF;5;4;PF;5;4;PF;5;4;PF;5;4;PF;5;4;PF;5;4;PF;5;4;PF;5;4;PF;6;4;PF;6;4;PF;6;4;PF;6;4;PF;6;5;NF;6;5;NF;6;5;NF;6;5;NF;6;5;NF;6;5;NF;6;5;NF;6;5;NF;7;5;NF;7;5;NF;7;5;NF;7;5;NF;7;5;NF;7;5;NF;7;5;NF
Georgia;-;-;-;-;-;-;-;-;-;-;-;-;-;-;-;-;-;-;-;-;-;-;-;-;-;-;-;-;-;-;-;-;-;-;-;-;-;-;-;-;-;-;-;-;-;-;-;-;-;-;-;-;-;-;6;5;NF;4;5;PF;5;5;PF;5;5;PF;4;5;PF;4;4;PF;3;4;PF;3;4;PF;3;4;PF;4;4;PF;4;4;PF;4;4;PF;4;4;PF;3;4;PF;3;3;PF;3;3;PF;4;4;PF;4;4;PF;4;4;PF;4;3;PF;4;3;PF;3;3;PF;3;3;PF;3;3;PF;3;3;PF;3;3;PF;3;3;PF;3;3;PF;3;3;PF;4;3;PF;4;3;PF;4;3;PF;4;3;PF
Germany;-;-;-;-;-;-;-;-;-;-;-;-;-;-;-;-;-;-;-;-;-;-;-;-;-;-;-;-;-;-;-;-;-;-;-;-;-;-;-;-;-;-;-;-;-;-;-;-;-;-;-;1;2;F;1;2;F;1;2;F;1;2;F;1;2;F;1;2;F;1;2;F;1;2;F;1;2;F;1;2;F;1;2;F;1;2;F;1;1;F;1;1;F;1;1;F;1;1;F;1;1;F;1;1;F;1;1;F;1;1;F;1;1;F;1;1;F;1;1;F;1;1;F;1;1;F;1;1;F;1;1;F;1;1;F;1;1;F;1;1;F;1;1;F;1;1;F;1;1;F;1;1;F
Germany, E. ;7;7;NF;7;7;NF;7;7;NF;7;7;NF;7;7;NF;7;7;NF;7;6;NF;7;6;NF;7;7;NF;7;7;NF;7;7;NF;7;6;NF;7;6;NF;7;6;NF;7;6;NF;7;6;NF;6;6;NF;-;-;-;-;-;-;-;-;-;-;-;-;-;-;-;-;-;-;-;-;-;-;-;-;-;-;-;-;-;-;-;-;-;-;-;-;-;-;-;-;-;-;-;-;-;-;-;-;-;-;-;-;-;-;-;-;-;-;-;-;-;-;-;-;-;-;-;-;-;-;-;-;-;-;-;-;-;-;-;-;-;-;-;-;-;-;-;-;-;-;-;-;-;-;-;-;-;-;-;-;-;-
Germany, W. ;1;1;F;1;1;F;1;1;F;1;1;F;1;1;F;1;2;F;1;2;F;1;2;F;1;2;F;1;2;F;1;2;F;1;2;F;1;2;F;1;2;F;1;2;F;1;2;F;1;1;F;-;-;-;-;-;-;-;-;-;-;-;-;-;-;-;-;-;-;-;-;-;-;-;-;-;-;-;-;-;-;-;-;-;-;-;-;-;-;-;-;-;-;-;-;-;-;-;-;-;-;-;-;-;-;-;-;-;-;-;-;-;-;-;-;-;-;-;-;-;-;-;-;-;-;-;-;-;-;-;-;-;-;-;-;-;-;-;-;-;-;-;-;-;-;-;-;-;-;-;-;-;-
Ghana;6;6;NF;7;6;NF;7;5;NF;7;5;NF;7;5;NF;6;5;PF;5;4;PF;4;4;PF;2;3;F;6;5;NF;6;5;NF;7;6;NF;7;6;NF;7;6;NF;7;6;NF;6;6;NF;6;5;NF;6;5;NF;6;6;NF;5;5;PF;5;4;PF;5;4;PF;4;4;PF;3;4;PF;3;3;PF;3;3;PF;3;3;PF;2;3;F;2;3;F;2;3;F;2;2;F;2;2;F;1;2;F;1;2;F;1;2;F;1;2;F;1;2;F;1;2;F;1;2;F;1;2;F;1;2;F;1;2;F;1;2;F;1;2;F;1;2;F;1;2;F;2;2;F;2;2;F;2;2;F;2;2;F;2;2;F
Greece;6;6;NF;7;5;NF;2;2;F;2;2;F;2;2;F;2;2;F;2;2;F;2;2;F;1;2;F;1;2;F;1;2;F;1;2;F;2;2;F;2;2;F;2;2;F;2;2;F;1;2;F;1;2;F;1;2;F;1;2;F;1;3;F;1;3;F;1;3;F;1;3;F;1;3;F;1;3;F;1;3;F;1;3;F;1;3;F;1;2;F;1;2;F;1;2;F;1;2;F;1;2;F;1;2;F;1;2;F;1;2;F;1;2;F;2;2;F;2;2;F;2;2;F;2;2;F;2;2;F;2;2;F;2;2;F;1;2;F;1;2;F;1;2;F;1;2;F;2;2;F;2;2;F
Grenada;-;-;-;-;-;-;2;4;PF;2;4;PF;2;4;PF;2;3;F;2;3;F;5;5;PF;6;5;NF;6;5;NF;7;6;NF;5;3;PF;2;3;F;2;2;F;2;1;F;2;1;F;2;2;F;2;2;F;1;2;F;1;2;F;1;2;F;1;2;F;1;2;F;1;2;F;1;2;F;1;2;F;1;2;F;1;2;F;1;2;F;1;2;F;1;2;F;1;2;F;1;2;F;1;2;F;1;2;F;1;2;F;1;2;F;1;2;F;1;2;F;1;2;F;1;2;F;1;2;F;1;2;F;1;2;F;1;2;F;1;2;F;1;2;F;1;2;F;1;2;F;1;2;F;1;2;F
Guatemala;2;3;F;2;2;F;4;3;PF;4;3;PF;4;3;PF;3;4;PF;3;4;PF;4;5;PF;6;6;NF;6;6;NF;6;6;NF;5;6;PF;4;4;PF;3;3;PF;3;3;PF;3;3;PF;3;3;PF;3;4;PF;3;5;PF;4;5;PF;4;5;PF;4;5;PF;4;5;PF;3;4;PF;3;4;PF;3;4;PF;3;4;PF;3;4;PF;3;4;PF;4;4;PF;4;4;PF;4;4;PF;4;4;PF;3;4;PF;3;4;PF;3;4;PF;4;4;PF;4;4;PF;3;4;PF;3;4;PF;3;4;PF;3;4;PF;4;4;PF;4;4;PF;4;4;PF;4;4;PF;4;4;PF;4;4;PF;4;4;PF;4;4;PF;5;4;PF
Guinea;7;7;NF;7;7;NF;7;7;NF;7;7;NF;7;7;NF;7;7;NF;7;7;NF;7;7;NF;7;7;NF;7;7;NF;7;7;NF;7;5;NF;7;5;NF;7;5;NF;7;6;NF;7;6;NF;7;6;NF;6;5;NF;6;5;NF;6;5;PF;6;5;NF;6;5;NF;6;5;NF;6;5;NF;6;5;NF;6;5;NF;6;5;NF;6;5;NF;6;5;NF;6;5;NF;6;5;NF;6;5;NF;6;5;NF;6;5;NF;6;5;NF;7;5;NF;7;6;NF;5;5;PF;5;5;PF;5;5;PF;5;5;PF;5;5;PF;5;5;PF;5;5;PF;5;5;PF;5;4;PF;5;5;PF;5;5;PF;6;5;NF;6;5;NF;6;5;NF
Guinea-Bissau;-;-;-;-;-;-;6;6;NF;6;6;NF;6;6;NF;6;6;NF;6;6;NF;6;6;NF;6;6;NF;6;6;NF;7;6;NF;6;6;NF;6;6;NF;6;7;NF;6;7;NF;6;7;NF;6;6;NF;6;5;NF;6;5;PF;6;5;PF;6;5;PF;3;4;PF;3;4;PF;3;4;PF;3;4;PF;3;5;PF;3;5;PF;4;5;PF;4;5;PF;4;5;PF;6;4;PF;4;4;PF;3;4;PF;4;4;PF;4;4;PF;4;4;PF;4;4;PF;4;4;PF;4;4;PF;6;5;NF;6;5;NF;5;5;PF;5;5;PF;5;5;PF;5;5;PF;5;4;PF;5;4;PF;5;4;PF;5;4;PF;5;4;PF;5;4;PF
Guyana;2;2;F;4;2;PF;7;7;NF;4;3;PF;3;3;PF;3;3;PF;4;4;PF;4;4;PF;5;4;PF;5;4;PF;5;5;PF;5;5;PF;5;5;PF;5;5;PF;5;5;PF;5;5;PF;5;4;PF;5;4;PF;5;4;PF;3;3;PF;2;2;F;2;2;F;2;2;F;2;2;F;2;2;F;2;2;F;2;2;F;2;2;F;2;2;F;2;2;F;2;2;F;2;2;F;3;3;PF;2;3;F;2;3;F;2;3;F;2;3;F;2;3;F;2;3;F;2;3;F;2;3;F;2;3;F;2;3;F;2;3;F;2;3;F;2;3;F;2;3;F;2;3;F;2;3;F;2;3;F;2;3;F
Haiti;7;6;NF;6;6;NF;6;6;NF;6;6;NF;6;6;NF;7;6;NF;7;6;NF;7;6;NF;7;6;NF;7;6;NF;7;6;NF;7;6;NF;7;6;NF;5;4;PF;6;5;PF;7;5;NF;7;5;NF;4;4;PF;7;7;NF;7;7;NF;7;7;NF;5;5;PF;5;5;PF;4;5;PF;4;5;PF;5;5;PF;5;5;PF;6;5;NF;6;6;NF;6;6;NF;6;6;NF;7;6;NF;7;6;NF;4;5;PF;4;5;PF;4;5;PF;4;5;PF;4;5;PF;4;5;PF;4;5;PF;4;5;PF;5;5;PF;5;5;PF;5;5;PF;5;5;PF;5;5;PF;5;5;PF;5;5;PF;6;5;NF;6;5;NF;6;5;NF
Honduras;7;3;PF;6;3;PF;6;3;PF;6;3;PF;6;3;PF;6;3;PF;6;3;PF;6;3;PF;4;3;PF;2;3;F;3;3;PF;2;3;F;2;3;F;2;3;F;2;3;F;2;3;F;2;3;F;2;3;F;2;3;F;2;3;F;3;3;PF;3;3;PF;3;3;PF;3;3;PF;2;3;F;2;3;F;3;3;PF;3;3;PF;3;3;PF;3;3;PF;3;3;PF;3;3;PF;3;3;PF;3;3;PF;3;3;PF;3;3;PF;4;4;PF;4;4;PF;4;4;PF;4;4;PF;4;4;PF;4;4;PF;4;4;PF;4;4;PF;4;4;PF;4;4;PF;4;4;PF;4;5;PF;4;4;PF;4;4;PF;4;4;PF
Hungary;6;6;NF;6;6;NF;6;6;NF;6;6;NF;6;6;NF;6;5;NF;6;5;NF;6;5;NF;6;5;NF;6;5;NF;6;5;NF;6;5;PF;5;5;PF;5;5;PF;5;4;PF;5;4;PF;4;3;PF;2;2;F;2;2;F;2;2;F;1;2;F;1;2;F;1;2;F;1;2;F;1;2;F;1;2;F;1;2;F;1;2;F;1;2;F;1;2;F;1;2;F;1;1;F;1;1;F;1;1;F;1;1;F;1;1;F;1;1;F;1;1;F;1;2;F;1;2;F;1;2;F;2;2;F;2;2;F;3;2;F;3;2;F;3;3;PF;3;3;PF;3;3;PF;3;3;PF;3;3;PF;3;3;PF
Iceland;1;1;F;1;1;F;1;1;F;1;1;F;1;1;F;1;1;F;1;1;F;1;1;F;1;1;F;1;1;F;1;1;F;1;1;F;1;1;F;1;1;F;1;1;F;1;1;F;1;1;F;1;1;F;1;1;F;1;1;F;1;1;F;1;1;F;1;1;F;1;1;F;1;1;F;1;1;F;1;1;F;1;1;F;1;1;F;1;1;F;1;1;F;1;1;F;1;1;F;1;1;F;1;1;F;1;1;F;1;1;F;1;1;F;1;1;F;1;1;F;1;1;F;1;1;F;1;1;F;1;1;F;1;1;F;1;1;F;1;1;F;1;1;F;1;1;F;1;1;F;1;1;F
India;2;3;F;2;3;F;2;3;F;2;5;PF;3;5;PF;2;2;F;2;2;F;2;2;F;2;3;F;2;3;F;2;3;F;2;3;F;2;3;F;2;3;F;2;3;F;2;3;F;2;3;F;2;3;F;3;4;PF;3;4;PF;4;4;PF;4;4;PF;4;4;PF;2;4;PF;2;4;PF;2;3;F;2;3;F;2;3;F;2;3;F;2;3;F;2;3;F;2;3;F;2;3;F;2;3;F;2;3;F;2;3;F;2;3;F;2;3;F;2;3;F;2;3;F;2;3;F;2;3;F;2;3;F;2;3;F;2;3;F;2;3;F;2;3;F;2;4;PF;2;4;PF;2;4;PF;2;4;PF
Indonesia;5;5;PF;5;5;PF;5;5;PF;5;5;PF;5;5;PF;5;5;PF;5;5;PF;5;5;PF;5;5;PF;5;5;PF;5;5;PF;5;6;PF;5;6;PF;5;6;PF;5;6;PF;5;5;PF;5;5;PF;6;5;PF;6;5;PF;6;5;PF;7;6;NF;7;6;NF;7;6;NF;7;5;NF;7;5;NF;6;4;PF;4;4;PF;3;4;PF;3;4;PF;3;4;PF;3;4;PF;3;4;PF;2;3;F;2;3;F;2;3;F;2;3;F;2;3;F;2;3;F;2;3;F;2;3;F;2;4;PF;2;4;PF;2;4;PF;2;4;PF;2;4;PF;2;4;PF;2;4;PF;2;4;PF;2;4;PF;2;4;PF;3;4;PF
Iran;5;6;NF;5;6;NF;5;6;NF;6;6;NF;6;6;NF;6;5;NF;5;5;PF;5;5;PF;5;5;PF;6;6;NF;6;6;NF;5;6;PF;5;6;PF;5;6;PF;5;6;PF;5;6;NF;6;5;NF;6;5;NF;6;5;NF;6;6;NF;6;7;NF;6;7;NF;6;7;NF;6;7;NF;6;7;NF;6;6;NF;6;6;NF;6;6;NF;6;6;NF;6;6;NF;6;6;NF;6;6;NF;6;6;NF;6;6;NF;6;6;NF;6;6;NF;6;6;NF;6;6;NF;6;6;NF;6;6;NF;6;6;NF;6;6;NF;6;6;NF;6;6;NF;6;6;NF;6;6;NF;6;6;NF;6;6;NF;7;6;NF;7;6;NF;7;7;NF
Iraq;7;7;NF;7;7;NF;7;7;NF;7;7;NF;7;7;NF;7;7;NF;7;6;NF;7;7;NF;6;7;NF;6;7;NF;6;7;NF;7;7;NF;7;7;NF;7;7;NF;7;7;NF;7;7;NF;7;6;NF;7;7;NF;7;7;NF;7;7;NF;7;7;NF;7;7;NF;7;7;NF;7;7;NF;7;7;NF;7;7;NF;7;7;NF;7;7;NF;7;7;NF;7;7;NF;7;5;NF;7;5;NF;6;5;NF;6;6;NF;6;6;NF;6;6;NF;5;6;NF;5;6;NF;5;6;NF;6;6;NF;5;6;NF;6;6;NF;5;6;NF;5;6;NF;5;6;NF;5;6;NF;5;6;NF;5;6;NF;5;6;NF;5;6;NF;5;6;NF
Ireland;1;2;F;1;2;F;1;2;F;1;2;F;1;1;F;1;1;F;1;1;F;1;1;F;1;1;F;1;1;F;1;1;F;1;1;F;1;1;F;1;1;F;1;1;F;1;1;F;1;1;F;1;1;F;1;1;F;1;1;F;1;2;F;1;2;F;1;1;F;1;1;F;1;1;F;1;1;F;1;1;F;1;1;F;1;1;F;1;1;F;1;1;F;1;1;F;1;1;F;1;1;F;1;1;F;1;1;F;1;1;F;1;1;F;1;1;F;1;1;F;1;1;F;1;1;F;1;1;F;1;1;F;1;1;F;1;1;F;1;1;F;1;1;F;1;1;F;1;1;F;1;1;F
Israel;2;3;F;2;3;F;2;3;F;2;3;F;2;3;F;2;2;F;2;2;F;2;2;F;2;2;F;2;2;F;2;2;F;2;2;F;2;2;F;2;2;F;2;2;F;2;2;F;2;2;F;2;2;F;2;2;F;2;2;F;1;3;F;1;3;F;1;3;F;1;3;F;1;3;F;1;3;F;1;2;F;1;3;F;1;3;F;1;3;F;1;3;F;1;3;F;1;2;F;1;2;F;1;2;F;1;2;F;1;2;F;1;2;F;1;2;F;1;2;F;1;2;F;1;2;F;1;2;F;1;2;F;1;3;F;2;3;F;2;3;F;2;3;F;2;3;F;2;3;F;2;3;F
Italy;1;2;F;1;2;F;1;2;F;1;2;F;2;1;F;2;2;F;2;2;F;2;2;F;1;2;F;1;2;F;1;2;F;1;1;F;1;1;F;1;1;F;1;1;F;1;1;F;1;1;F;1;1;F;1;1;F;1;2;F;1;3;F;1;2;F;1;2;F;1;2;F;1;2;F;1;2;F;1;2;F;1;2;F;1;2;F;1;1;F;1;1;F;1;1;F;1;1;F;1;1;F;1;1;F;1;2;F;1;2;F;1;2;F;1;1;F;2;1;F;1;1;F;1;1;F;1;1;F;1;1;F;1;1;F;1;1;F;1;1;F;1;1;F;1;1;F;1;1;F;1;1;F
Jamaica;1;2;F;1;2;F;1;2;F;1;2;F;1;3;F;2;3;F;2;3;F;2;3;F;2;3;F;2;3;F;2;3;F;2;3;F;2;3;F;2;3;F;2;2;F;2;2;F;2;2;F;2;2;F;2;2;F;2;2;F;2;3;F;2;3;F;2;3;F;2;3;F;2;3;F;2;2;F;2;2;F;2;2;F;2;3;F;2;3;F;2;3;F;2;3;F;2;3;F;2;3;F;2;3;F;2;3;F;2;3;F;2;3;F;2;3;F;2;3;F;2;3;F;2;3;F;2;3;F;2;3;F;2;3;F;2;2;F;2;2;F;2;2;F;2;2;F;2;2;F;2;2;F
Japan;2;1;F;2;1;F;2;1;F;2;1;F;2;1;F;2;1;F;2;1;F;2;1;F;1;1;F;1;1;F;1;1;F;1;1;F;1;1;F;1;1;F;1;1;F;1;1;F;1;1;F;1;1;F;1;2;F;1;2;F;2;2;F;2;2;F;1;2;F;1;2;F;1;2;F;1;2;F;1;2;F;1;2;F;1;2;F;1;2;F;1;2;F;1;2;F;1;2;F;1;2;F;1;2;F;1;2;F;1;2;F;1;2;F;1;2;F;1;2;F;1;1;F;1;1;F;1;1;F;1;1;F;1;1;F;1;1;F;1;1;F;1;1;F;1;1;F;1;1;F;1;1;F
Jordan;6;6;NF;6;6;NF;6;6;NF;6;6;NF;6;6;NF;6;6;NF;6;6;NF;6;6;NF;6;6;NF;6;6;NF;6;6;NF;5;5;PF;5;5;PF;5;5;PF;5;5;PF;6;5;NF;5;5;PF;5;5;PF;4;4;PF;3;3;PF;4;4;PF;4;4;PF;4;4;PF;4;4;PF;4;4;PF;4;5;PF;4;4;PF;4;4;PF;5;5;PF;6;5;PF;5;5;PF;5;4;PF;5;4;PF;5;4;PF;5;4;PF;5;5;PF;6;5;NF;6;5;NF;6;5;NF;6;5;NF;6;5;NF;6;5;NF;6;5;NF;5;5;PF;5;5;PF;5;5;PF;5;5;PF;6;5;NF;6;5;NF;6;5;NF;6;5;NF
Kazakhstan;-;-;-;-;-;-;-;-;-;-;-;-;-;-;-;-;-;-;-;-;-;-;-;-;-;-;-;-;-;-;-;-;-;-;-;-;-;-;-;-;-;-;-;-;-;-;-;-;-;-;-;-;-;-;5;4;PF;5;5;PF;6;4;PF;6;5;NF;6;5;NF;6;5;NF;6;5;NF;6;5;NF;6;5;NF;6;5;NF;6;5;NF;6;5;NF;6;5;NF;6;5;NF;6;5;NF;6;5;NF;6;5;NF;6;5;NF;6;5;NF;6;5;NF;6;5;NF;6;5;NF;6;5;NF;6;5;NF;6;5;NF;7;5;NF;7;5;NF;7;5;NF;7;5;NF;7;5;NF;7;5;NF;7;5;NF;7;5;NF
Kenya;5;4;PF;5;4;PF;5;4;PF;5;5;PF;5;5;PF;5;5;PF;5;4;PF;5;4;PF;5;4;PF;5;5;PF;5;5;PF;6;5;PF;6;5;PF;6;5;PF;6;6;NF;6;6;NF;6;6;NF;6;6;NF;6;6;NF;4;5;PF;5;6;NF;6;6;NF;7;6;NF;7;6;NF;6;6;NF;6;5;NF;6;5;NF;6;5;NF;6;5;NF;4;4;PF;3;3;PF;3;3;PF;3;3;PF;3;3;PF;4;3;PF;4;3;PF;4;4;PF;4;3;PF;4;3;PF;4;4;PF;4;4;PF;4;4;PF;4;4;PF;4;4;PF;4;4;PF;4;4;PF;4;4;PF;4;4;PF;4;4;PF;4;4;PF;4;4;PF
Kiribati;-;-;-;-;-;-;-;-;-;-;-;-;-;-;-;-;-;-;-;-;-;2;2;F;2;2;F;2;2;F;1;2;F;1;2;F;1;2;F;1;2;F;1;2;F;1;2;F;1;2;F;1;2;F;1;2;F;1;2;F;1;1;F;1;1;F;1;1;F;1;1;F;1;1;F;1;1;F;1;1;F;1;1;F;1;1;F;1;1;F;1;1;F;1;1;F;1;1;F;1;1;F;1;1;F;1;1;F;1;1;F;1;1;F;1;1;F;1;1;F;1;1;F;1;1;F;1;1;F;1;1;F;1;1;F;1;1;F;1;1;F;1;1;F;1;1;F;1;1;F;1;1;F
Kosovo;-;-;-;-;-;-;-;-;-;-;-;-;-;-;-;-;-;-;-;-;-;-;-;-;-;-;-;-;-;-;-;-;-;-;-;-;-;-;-;-;-;-;-;-;-;-;-;-;-;-;-;-;-;-;-;-;-;-;-;-;-;-;-;-;-;-;-;-;-;-;-;-;-;-;-;-;-;-;-;-;-;-;-;-;-;-;-;-;-;-;-;-;-;-;-;-;-;-;-;-;-;-;-;-;-;-;-;-;5;4;PF;5;4;PF;5;4;PF;5;4;PF;5;4;PF;4;4;PF;3;4;PF;3;4;PF;3;4;PF;3;4;PF;3;4;PF;4;4;PF;3;4;PF;3;4;PF;3;4;PF
Kuwait;4;4;PF;4;3;PF;4;3;PF;4;3;PF;6;5;NF;6;4;PF;6;4;PF;6;4;PF;6;4;PF;4;4;PF;4;4;PF;4;4;PF;4;4;PF;6;5;PF;6;5;PF;6;5;PF;6;4;PF;7;7;NF;6;5;NF;5;5;PF;5;5;PF;5;5;PF;5;5;PF;5;5;PF;5;5;PF;5;5;PF;4;5;PF;4;5;PF;4;5;PF;4;5;PF;4;5;PF;4;5;PF;4;5;PF;4;4;PF;4;4;PF;4;4;PF;4;4;PF;4;5;PF;4;5;PF;5;5;PF;5;5;PF;5;5;PF;5;5;PF;5;5;PF;5;5;PF;5;5;PF;5;5;PF;5;5;PF;5;5;PF;5;5;PF;5;5;PF
Kyrgyzstan;-;-;-;-;-;-;-;-;-;-;-;-;-;-;-;-;-;-;-;-;-;-;-;-;-;-;-;-;-;-;-;-;-;-;-;-;-;-;-;-;-;-;-;-;-;-;-;-;-;-;-;-;-;-;5;4;PF;4;2;PF;5;3;PF;4;3;PF;4;4;PF;4;4;PF;4;4;PF;5;5;PF;5;5;PF;6;5;NF;6;5;NF;6;5;NF;6;5;NF;6;5;NF;5;4;PF;5;4;PF;5;4;PF;5;4;PF;6;5;NF;5;5;PF;5;5;PF;5;5;PF;5;5;PF;5;5;PF;5;5;PF;5;5;PF;5;5;PF;5;4;PF;5;4;PF;7;5;NF;7;5;NF;7;5;NF;7;5;NF
Laos;5;5;PF;5;5;PF;5;5;PF;6;6;NF;7;7;NF;7;7;NF;7;7;NF;7;7;NF;7;7;NF;7;7;NF;7;7;NF;7;7;NF;7;7;NF;7;7;NF;7;7;NF;6;6;NF;6;7;NF;6;7;NF;6;7;NF;7;6;NF;7;6;NF;7;6;NF;7;6;NF;7;6;NF;7;6;NF;7;6;NF;7;6;NF;7;6;NF;7;6;NF;7;6;NF;7;6;NF;7;6;NF;7;6;NF;7;6;NF;7;6;NF;7;6;NF;7;6;NF;7;6;NF;7;6;NF;7;6;NF;7;6;NF;7;6;NF;7;6;NF;7;6;NF;7;6;NF;7;6;NF;7;6;NF;7;6;NF;7;6;NF;7;6;NF;7;6;NF
Latvia;-;-;-;-;-;-;-;-;-;-;-;-;-;-;-;-;-;-;-;-;-;-;-;-;-;-;-;-;-;-;-;-;-;-;-;-;-;-;-;-;-;-;-;-;-;-;-;-;-;-;-;-;-;-;2;3;F;3;3;PF;3;3;PF;3;2;F;2;2;F;2;2;F;1;2;F;1;2;F;1;2;F;1;2;F;1;2;F;1;2;F;1;2;F;1;2;F;1;1;F;1;1;F;2;1;F;2;1;F;2;1;F;2;2;F;2;2;F;2;2;F;2;2;F;2;2;F;2;2;F;1;2;F;2;2;F;2;2;F;1;2;F;1;2;F;1;2;F;1;2;F;1;2;F
Lebanon;2;2;F;2;2;F;2;2;F;4;4;PF;4;4;PF;4;4;PF;4;4;PF;4;4;PF;4;4;PF;5;4;PF;5;4;PF;5;4;PF;5;4;PF;5;4;PF;6;5;PF;6;5;NF;6;5;NF;6;5;NF;6;4;PF;5;4;PF;6;5;PF;6;5;PF;6;5;NF;6;5;NF;6;5;NF;6;5;NF;6;5;NF;6;5;NF;6;5;NF;6;5;NF;6;5;NF;6;5;NF;5;4;PF;5;4;PF;5;4;PF;5;4;PF;5;3;PF;5;3;PF;5;4;PF;5;4;PF;5;4;PF;5;4;PF;5;4;PF;5;4;PF;6;4;PF;5;4;PF;5;4;PF;5;4;PF;5;4;PF;5;4;PF;5;4;PF
Lesotho;7;4;NF;5;3;PF;5;4;PF;5;4;PF;5;4;PF;5;4;PF;5;5;PF;5;5;PF;5;5;PF;5;5;PF;5;5;PF;5;5;PF;5;5;PF;5;5;PF;5;6;PF;6;6;NF;6;5;NF;6;5;NF;6;4;PF;6;4;PF;3;4;PF;4;4;PF;4;4;PF;4;4;PF;4;4;PF;4;4;PF;4;4;PF;4;4;PF;4;4;PF;2;3;F;2;3;F;2;3;F;2;3;F;2;3;F;2;3;F;2;3;F;3;3;PF;3;3;PF;3;3;PF;2;3;F;2;3;F;2;3;F;3;3;PF;3;3;PF;3;3;PF;3;3;PF;3;3;PF;3;3;PF;3;3;PF;2;3;F;2;3;F
Liberia;6;6;NF;6;5;NF;6;3;PF;6;4;PF;6;4;PF;6;4;PF;6;5;PF;6;5;PF;6;6;NF;6;6;NF;5;5;PF;6;5;PF;5;5;PF;5;5;PF;5;5;PF;5;5;PF;6;5;NF;7;7;NF;7;6;NF;7;6;NF;6;6;NF;7;6;NF;7;6;NF;7;6;NF;4;5;PF;4;5;PF;4;5;PF;5;6;PF;6;6;NF;6;6;NF;6;6;NF;5;4;PF;4;4;PF;3;4;PF;3;4;PF;3;4;PF;3;4;PF;3;4;PF;3;4;PF;3;4;PF;3;4;PF;3;4;PF;3;4;PF;3;4;PF;3;3;PF;3;3;PF;3;4;PF;3;4;PF;3;4;PF;3;4;PF;2;4;PF
Libya;7;6;NF;7;7;NF;7;7;NF;7;6;NF;7;6;NF;6;6;NF;6;6;NF;6;6;NF;6;7;NF;6;6;NF;6;6;NF;6;6;NF;6;6;NF;6;6;NF;6;6;NF;6;6;NF;7;7;NF;7;7;NF;7;7;NF;7;7;NF;7;7;NF;7;7;NF;7;7;NF;7;7;NF;7;7;NF;7;7;NF;7;7;NF;7;7;NF;7;7;NF;7;7;NF;7;7;NF;7;7;NF;7;7;NF;7;7;NF;7;7;NF;7;7;NF;7;7;NF;7;7;NF;7;6;NF;4;5;PF;4;5;PF;6;6;NF;6;6;NF;7;6;NF;7;6;NF;7;6;NF;7;6;NF;7;6;NF;7;6;NF;7;6;NF;7;6;NF
Liechtenstein;4;2;PF;4;2;PF;4;2;PF;4;2;PF;4;2;PF;-;-;-;-;-;-;-;-;-;-;-;-;-;-;-;-;-;-;-;-;-;-;-;-;-;-;-;-;-;-;-;-;-;-;-;-;-;-;-;-;-;-;1;1;F;1;1;F;1;1;F;1;1;F;1;1;F;1;1;F;1;1;F;1;1;F;1;1;F;1;1;F;1;1;F;1;1;F;1;1;F;1;1;F;1;1;F;1;1;F;1;1;F;1;1;F;1;1;F;1;1;F;1;1;F;1;1;F;1;1;F;1;1;F;2;1;F;2;1;F;2;1;F;2;1;F;2;1;F;2;1;F;2;1;F;2;1;F
Lithuania;-;-;-;-;-;-;-;-;-;-;-;-;-;-;-;-;-;-;-;-;-;-;-;-;-;-;-;-;-;-;-;-;-;-;-;-;-;-;-;-;-;-;-;-;-;-;-;-;-;-;-;-;-;-;2;3;F;2;3;F;1;3;F;1;3;F;1;2;F;1;2;F;1;2;F;1;2;F;1;2;F;1;2;F;1;2;F;1;2;F;1;2;F;2;2;F;1;1;F;1;1;F;1;1;F;1;1;F;1;1;F;1;1;F;1;1;F;1;1;F;1;1;F;1;1;F;1;1;F;1;1;F;1;1;F;1;1;F;1;1;F;1;2;F;1;2;F;1;2;F;1;2;F
Luxembourg;2;1;F;2;1;F;2;1;F;2;1;F;2;1;F;1;1;F;1;1;F;1;1;F;1;1;F;1;1;F;1;1;F;1;1;F;1;1;F;1;1;F;1;1;F;1;1;F;1;1;F;1;1;F;1;1;F;1;1;F;1;1;F;1;1;F;1;1;F;1;1;F;1;1;F;1;1;F;1;1;F;1;1;F;1;1;F;1;1;F;1;1;F;1;1;F;1;1;F;1;1;F;1;1;F;1;1;F;1;1;F;1;1;F;1;1;F;1;1;F;1;1;F;1;1;F;1;1;F;1;1;F;1;1;F;1;1;F;1;1;F;1;1;F;1;1;F;1;1;F;1;1;F
Madagascar;5;3;PF;5;4;PF;5;4;PF;5;5;PF;6;5;NF;5;5;PF;6;6;NF;6;6;NF;6;6;NF;6;6;NF;5;6;PF;5;6;PF;5;6;PF;5;5;PF;5;5;PF;5;5;PF;5;4;PF;4;4;PF;4;4;PF;4;4;PF;2;4;PF;2;4;PF;2;4;PF;2;4;PF;2;4;PF;2;4;PF;2;4;PF;2;4;PF;2;4;PF;3;4;PF;3;3;PF;3;3;PF;3;3;PF;4;3;PF;4;3;PF;4;3;PF;6;4;PF;6;4;PF;6;4;PF;6;4;PF;5;4;PF;4;4;PF;3;4;PF;3;4;PF;3;4;PF;3;4;PF;3;3;PF;3;4;PF;3;4;PF;3;4;PF;3;4;PF
Malawi;7;6;NF;7;6;NF;7;6;NF;7;6;NF;7;6;NF;7;6;NF;6;7;NF;6;7;NF;6;7;NF;6;7;NF;6;7;NF;6;7;NF;6;7;NF;6;7;NF;6;7;NF;6;7;NF;7;6;NF;7;6;NF;7;6;NF;6;7;NF;6;5;NF;2;3;F;2;3;F;2;3;F;2;3;F;2;3;F;3;3;PF;3;3;PF;4;3;PF;4;4;PF;3;4;PF;4;4;PF;4;4;PF;4;3;PF;4;4;PF;4;4;PF;3;4;PF;3;4;PF;3;4;PF;3;4;PF;3;4;PF;3;4;PF;3;3;PF;3;3;PF;3;3;PF;3;3;PF;3;3;PF;3;3;PF;3;3;PF;3;3;PF;3;3;PF
Malaysia;2;3;F;2;3;F;3;3;PF;3;4;PF;3;4;PF;3;4;PF;3;4;PF;3;4;PF;3;4;PF;3;4;PF;3;4;PF;3;5;PF;3;5;PF;3;5;PF;3;5;PF;4;5;PF;5;4;PF;5;4;PF;5;4;PF;5;4;PF;4;5;PF;4;5;PF;4;5;PF;4;5;PF;4;5;PF;5;5;PF;5;5;PF;5;5;PF;5;5;PF;5;5;PF;5;4;PF;4;4;PF;4;4;PF;4;4;PF;4;4;PF;4;4;PF;4;4;PF;4;4;PF;4;4;PF;4;4;PF;4;4;PF;4;4;PF;4;4;PF;4;4;PF;4;4;PF;4;4;PF;4;4;PF;4;4;PF;4;4;PF;4;4;PF;4;4;PF
Maldives;3;2;F;3;2;PF;3;2;PF;4;4;PF;4;4;PF;4;4;PF;5;5;PF;5;5;PF;5;5;PF;5;5;PF;5;5;PF;5;5;PF;5;5;PF;5;6;PF;5;6;PF;5;6;NF;6;5;NF;6;5;NF;6;5;NF;6;5;NF;6;6;NF;6;6;NF;6;6;NF;6;6;NF;6;6;NF;6;5;NF;6;5;NF;6;5;NF;6;5;NF;6;5;NF;6;5;NF;6;5;NF;6;5;NF;6;5;NF;6;5;NF;4;4;PF;3;4;PF;3;4;PF;3;4;PF;5;4;PF;4;4;PF;4;4;PF;4;5;PF;5;5;PF;5;5;PF;5;5;PF;4;5;PF;4;5;PF;4;5;PF;4;5;PF;4;5;PF
Mali;7;6;NF;7;6;NF;7;6;NF;7;7;NF;7;7;NF;7;7;NF;7;6;NF;7;6;NF;7;6;NF;7;6;NF;7;6;NF;7;6;NF;7;6;NF;7;6;NF;7;6;NF;6;6;NF;6;6;NF;6;5;NF;6;4;PF;2;3;F;2;3;F;2;4;PF;2;3;F;2;2;F;3;3;F;3;3;F;3;3;F;2;3;F;2;3;F;2;3;F;2;2;F;2;2;F;2;2;F;2;2;F;2;3;F;2;3;F;2;3;F;2;3;F;2;3;F;7;5;NF;5;4;PF;5;4;PF;5;4;PF;5;4;PF;5;4;PF;4;4;PF;5;5;PF;6;5;NF;6;5;NF;6;5;NF;6;5;NF
Malta;1;2;F;1;1;F;1;1;F;1;1;F;1;2;F;2;2;F;2;2;F;2;3;F;2;3;F;2;3;F;2;4;PF;2;4;PF;2;4;PF;2;4;PF;1;2;F;1;2;F;1;1;F;1;1;F;1;1;F;1;1;F;1;1;F;1;1;F;1;1;F;1;1;F;1;1;F;1;1;F;1;1;F;1;1;F;1;1;F;1;1;F;1;1;F;1;1;F;1;1;F;1;1;F;1;1;F;1;1;F;1;1;F;1;1;F;1;1;F;1;1;F;1;1;F;1;1;F;1;1;F;1;1;F;1;1;F;2;1;F;2;1;F;2;1;F;2;1;F;2;1;F;2;2;F
Marshall Islands;-;-;-;-;-;-;-;-;-;-;-;-;-;-;-;-;-;-;-;-;-;-;-;-;-;-;-;-;-;-;-;-;-;-;-;-;-;-;-;-;-;-;-;-;-;-;-;-;-;-;-;-;-;-;1;1;F;1;1;F;1;1;F;1;1;F;1;1;F;1;1;F;1;1;F;1;1;F;1;1;F;1;1;F;1;1;F;1;1;F;1;1;F;1;1;F;1;1;F;1;1;F;1;1;F;1;1;F;1;1;F;1;1;F;1;1;F;1;1;F;1;1;F;1;1;F;1;1;F;1;1;F;1;1;F;1;1;F;1;1;F;1;1;F;1;1;F;1;1;F;1;1;F
Mauritania;6;6;NF;6;6;NF;5;6;NF;6;6;NF;6;6;NF;6;6;NF;6;6;NF;7;6;NF;7;6;NF;7;6;NF;7;6;NF;7;6;NF;7;6;NF;7;6;NF;6;6;NF;6;6;NF;7;6;NF;7;6;NF;7;6;NF;7;6;NF;7;6;NF;7;7;NF;6;6;NF;6;6;NF;6;6;NF;6;5;NF;6;5;NF;6;5;NF;5;5;PF;5;5;PF;6;5;NF;6;5;NF;6;4;PF;5;4;PF;4;4;PF;6;5;NF;6;5;NF;6;5;NF;6;5;NF;6;5;NF;6;5;NF;6;5;NF;6;5;NF;6;5;NF;6;5;NF;6;5;NF;5;5;PF;5;5;PF;5;5;PF;5;5;PF;5;5;PF
Mauritius;3;2;F;3;2;F;3;2;F;3;2;F;3;2;F;2;2;F;2;4;PF;2;4;PF;3;3;PF;2;3;F;2;2;F;2;2;F;2;2;F;2;2;F;2;2;F;2;2;F;2;2;F;2;2;F;1;2;F;2;2;F;1;2;F;1;2;F;1;2;F;1;2;F;1;2;F;1;2;F;1;2;F;1;2;F;1;2;F;1;2;F;1;2;F;1;1;F;1;1;F;1;2;F;1;2;F;1;2;F;1;2;F;1;2;F;1;2;F;1;2;F;1;2;F;1;2;F;1;2;F;1;2;F;1;2;F;1;2;F;1;2;F;1;2;F;1;2;F;2;2;F;2;2;F
Mexico;5;3;PF;4;3;PF;4;3;PF;4;3;PF;4;4;PF;4;3;PF;4;4;PF;3;4;PF;3;4;PF;3;4;PF;3;4;PF;3;4;PF;4;4;PF;4;4;PF;4;4;PF;3;4;PF;4;3;PF;4;4;PF;4;4;PF;4;3;PF;4;4;PF;4;4;PF;4;4;PF;4;3;PF;3;4;PF;3;4;PF;3;4;PF;2;3;F;2;3;F;2;2;F;2;2;F;2;2;F;2;2;F;2;3;F;2;3;F;2;3;F;2;3;F;3;3;PF;3;3;PF;3;3;PF;3;3;PF;3;3;PF;3;3;PF;3;3;PF;3;3;PF;3;3;PF;3;3;PF;3;4;PF;3;4;PF;3;4;PF;3;4;PF
Micronesia;-;-;-;-;-;-;-;-;-;-;-;-;-;-;-;-;-;-;-;-;-;-;-;-;-;-;-;-;-;-;-;-;-;-;-;-;-;-;-;-;-;-;-;-;-;-;-;-;-;-;-;-;-;-;1;1;F;1;1;F;1;1;F;1;1;F;1;1;F;1;1;F;1;2;F;1;2;F;1;2;F;1;2;F;1;2;F;1;2;F;1;1;F;1;1;F;1;1;F;1;1;F;1;1;F;1;1;F;1;1;F;1;1;F;1;1;F;1;1;F;1;1;F;1;1;F;1;1;F;1;1;F;1;1;F;1;1;F;1;1;F;1;1;F;1;1;F;1;1;F;1;1;F
Moldova;-;-;-;-;-;-;-;-;-;-;-;-;-;-;-;-;-;-;-;-;-;-;-;-;-;-;-;-;-;-;-;-;-;-;-;-;-;-;-;-;-;-;-;-;-;-;-;-;-;-;-;-;-;-;5;4;PF;5;5;PF;5;5;PF;4;4;PF;4;4;PF;3;4;PF;3;4;PF;2;4;PF;2;4;PF;2;4;PF;2;4;PF;3;4;PF;3;4;PF;3;4;PF;3;4;PF;3;4;PF;3;4;PF;4;4;PF;3;4;PF;3;3;PF;3;3;PF;3;3;PF;3;3;PF;3;3;PF;3;3;PF;3;3;PF;3;3;PF;3;4;PF;3;4;PF;3;3;PF;3;3;PF;3;3;PF;3;3;PF
Monaco;4;2;PF;4;2;PF;4;2;PF;4;2;PF;4;2;PF;-;-;-;-;-;-;-;-;-;-;-;-;-;-;-;-;-;-;-;-;-;-;-;-;-;-;-;-;-;-;-;-;-;-;-;-;-;-;-;-;-;-;-;-;-;2;1;F;2;1;F;2;1;F;2;1;F;2;1;F;2;1;F;2;1;F;2;1;F;2;1;F;2;1;F;2;1;F;2;1;F;2;1;F;2;1;F;2;1;F;2;1;F;2;1;F;2;1;F;2;1;F;2;1;F;2;1;F;2;1;F;2;1;F;3;1;F;3;1;F;3;1;F;3;1;F;3;1;F;3;1;F;3;1;F;3;1;F
Mongolia;7;7;NF;7;7;NF;7;7;NF;7;7;NF;7;7;NF;7;7;NF;7;7;NF;7;7;NF;7;7;NF;7;7;NF;7;7;NF;7;7;NF;7;7;NF;7;7;NF;7;7;NF;7;7;NF;7;7;NF;4;4;PF;2;3;F;3;2;F;2;3;F;2;3;F;2;3;F;2;3;F;2;3;F;2;3;F;2;3;F;2;3;F;2;3;F;2;2;F;2;2;F;2;2;F;2;2;F;2;2;F;2;2;F;2;2;F;2;2;F;2;2;F;2;2;F;1;2;F;1;2;F;1;2;F;1;2;F;1;2;F;1;2;F;1;2;F;1;2;F;1;2;F;1;2;F;1;2;F;1;2;F
Montenegro;-;-;-;-;-;-;-;-;-;-;-;-;-;-;-;-;-;-;-;-;-;-;-;-;-;-;-;-;-;-;-;-;-;-;-;-;-;-;-;-;-;-;-;-;-;-;-;-;-;-;-;-;-;-;-;-;-;-;-;-;-;-;-;-;-;-;-;-;-;-;-;-;-;-;-;-;-;-;-;-;-;-;-;-;-;-;-;-;-;-;-;-;-;-;-;-;-;-;-;3;3;PF;3;3;PF;3;3;PF;3;2;F;3;2;F;3;2;F;3;2;F;3;2;F;3;2;F;3;3;PF;3;3;PF;3;3;PF;4;3;PF;4;3;PF;3;3;PF;3;3;PF;3;3;PF;3;3;PF
Morocco;5;4;PF;5;5;PF;5;5;PF;5;5;PF;5;5;PF;3;4;PF;3;4;PF;4;4;PF;4;4;PF;4;5;PF;4;5;PF;4;5;PF;4;5;PF;4;5;PF;4;5;PF;4;5;PF;4;4;PF;4;4;PF;5;5;PF;6;5;PF;5;5;PF;5;5;PF;5;5;PF;5;5;PF;5;5;PF;5;4;PF;5;4;PF;5;4;PF;5;5;PF;5;5;PF;5;5;PF;5;4;PF;5;4;PF;5;4;PF;5;4;PF;5;4;PF;5;4;PF;5;4;PF;5;4;PF;5;4;PF;5;4;PF;5;4;PF;5;4;PF;5;4;PF;5;5;PF;5;5;PF;5;5;PF;5;5;PF;5;5;PF;5;5;PF;5;5;PF
Mozambique;-;-;-;-;-;-;-;-;-;6;6;NF;7;7;NF;7;7;NF;7;7;NF;7;7;NF;7;7;NF;7;7;NF;7;6;NF;6;7;NF;6;7;NF;6;7;NF;6;7;NF;6;7;NF;6;7;NF;6;6;NF;6;4;PF;6;4;PF;6;5;NF;3;5;PF;3;4;PF;3;4;PF;3;4;PF;3;4;PF;3;4;PF;3;4;PF;3;4;PF;3;4;PF;3;4;PF;3;4;PF;3;4;PF;3;4;PF;3;3;PF;3;3;PF;4;3;PF;4;3;PF;4;3;PF;4;3;PF;4;3;PF;4;3;PF;4;4;PF;4;4;PF;4;4;PF;4;4;PF;5;4;PF;5;4;PF;5;4;PF;5;4;PF;5;4;PF
Myanmar;7;5;NF;7;5;NF;7;5;NF;6;6;NF;6;6;NF;7;6;NF;7;6;NF;7;6;NF;7;6;NF;7;6;NF;7;7;NF;7;7;NF;7;7;NF;7;7;NF;7;7;NF;7;6;NF;7;7;NF;7;7;NF;7;7;NF;7;7;NF;7;7;NF;7;7;NF;7;7;NF;7;7;NF;7;7;NF;7;7;NF;7;7;NF;7;7;NF;7;7;NF;7;7;NF;7;7;NF;7;7;NF;7;7;NF;7;7;NF;7;7;NF;7;7;NF;7;7;NF;7;7;NF;7;6;NF;6;5;NF;6;5;NF;6;6;NF;6;5;NF;5;5;PF;5;5;PF;5;5;PF;5;6;NF;5;6;NF;7;6;NF;7;6;NF;7;6;NF
Namibia;6;5;NF;6;5;NF;6;5;NF;-;-;-;-;-;-;-;-;-;-;-;-;-;-;-;-;-;-;-;-;-;-;-;-;-;-;-;-;-;-;-;-;-;-;-;-;-;-;-;4;3;PF;2;3;F;2;3;F;2;2;F;2;3;F;2;3;F;2;3;F;2;3;F;2;3;F;2;3;F;2;3;F;2;3;F;2;3;F;2;3;F;2;3;F;2;3;F;2;2;F;2;2;F;2;2;F;2;2;F;2;2;F;2;2;F;2;2;F;2;2;F;2;2;F;2;2;F;2;2;F;2;2;F;2;2;F;3;2;F;2;2;F;2;2;F;2;2;F;2;2;F;2;2;F
Nauru;2;2;F;2;2;F;2;2;F;2;2;F;2;2;F;2;2;F;2;2;F;2;2;F;2;2;F;2;2;F;2;2;F;2;2;F;2;2;F;2;2;F;2;2;F;2;2;F;1;2;F;1;2;F;1;2;F;1;2;F;1;3;F;1;3;F;1;3;F;1;3;F;1;3;F;1;3;F;1;3;F;1;3;F;1;3;F;1;2;F;1;1;F;1;1;F;1;1;F;1;1;F;1;1;F;1;1;F;1;1;F;1;1;F;1;1;F;1;1;F;1;1;F;1;2;F;2;2;F;2;2;F;2;2;F;2;2;F;2;3;F;2;3;F;2;3;F;2;3;F;2;3;F
Nepal;6;5;NF;6;5;NF;6;5;NF;6;5;NF;6;5;NF;6;5;PF;6;5;PF;5;4;PF;3;4;PF;3;4;PF;3;4;PF;3;4;PF;3;4;PF;3;4;PF;3;4;PF;3;4;PF;4;5;PF;4;4;PF;2;3;F;2;3;F;3;4;PF;3;4;PF;3;4;PF;3;4;PF;3;4;PF;3;4;PF;3;4;PF;3;4;PF;3;4;PF;4;4;PF;5;4;PF;5;5;PF;6;5;NF;5;4;PF;5;4;PF;4;4;PF;4;4;PF;4;4;PF;4;4;PF;4;4;PF;4;4;PF;3;4;PF;3;4;PF;3;4;PF;3;4;PF;3;4;PF;3;4;PF;3;4;PF;3;4;PF;3;4;PF;3;4;PF
Netherlands;1;1;F;1;1;F;1;1;F;1;1;F;1;1;F;1;1;F;1;1;F;1;1;F;1;1;F;1;1;F;1;1;F;1;1;F;1;1;F;1;1;F;1;1;F;1;1;F;1;1;F;1;1;F;1;1;F;1;1;F;1;1;F;1;1;F;1;1;F;1;1;F;1;1;F;1;1;F;1;1;F;1;1;F;1;1;F;1;1;F;1;1;F;1;1;F;1;1;F;1;1;F;1;1;F;1;1;F;1;1;F;1;1;F;1;1;F;1;1;F;1;1;F;1;1;F;1;1;F;1;1;F;1;1;F;1;1;F;1;1;F;1;1;F;1;1;F;1;1;F;1;1;F
New Zealand;1;1;F;1;1;F;1;1;F;1;1;F;1;1;F;1;1;F;1;1;F;1;1;F;1;1;F;1;1;F;1;1;F;1;1;F;1;1;F;1;1;F;1;1;F;1;1;F;1;1;F;1;1;F;1;1;F;1;1;F;1;1;F;1;1;F;1;1;F;1;1;F;1;1;F;1;1;F;1;1;F;1;1;F;1;1;F;1;1;F;1;1;F;1;1;F;1;1;F;1;1;F;1;1;F;1;1;F;1;1;F;1;1;F;1;1;F;1;1;F;1;1;F;1;1;F;1;1;F;1;1;F;1;1;F;1;1;F;1;1;F;1;1;F;1;1;F;1;1;F;1;1;F
Nicaragua;4;3;PF;5;4;PF;5;4;PF;5;4;PF;5;5;PF;5;5;PF;5;5;PF;5;5;PF;5;5;PF;6;5;PF;6;5;PF;5;5;PF;5;5;PF;5;6;PF;5;5;PF;5;4;PF;5;5;PF;3;3;PF;3;3;PF;4;3;PF;4;5;PF;4;5;PF;4;4;PF;3;3;PF;3;3;PF;2;3;PF;3;3;PF;3;3;PF;3;3;PF;3;3;PF;3;3;PF;3;3;PF;3;3;PF;3;3;PF;3;3;PF;4;3;PF;4;4;PF;4;4;PF;5;4;PF;5;4;PF;4;3;PF;4;3;PF;4;3;PF;5;4;PF;5;4;PF;6;5;NF;6;5;NF;6;5;NF;7;5;NF;7;6;NF;7;6;NF
Niger;6;6;NF;6;6;NF;7;6;NF;7;6;NF;7;6;NF;7;6;NF;7;6;NF;7;6;NF;7;6;NF;7;6;NF;7;6;NF;7;6;NF;7;6;NF;7;6;NF;7;6;NF;6;6;NF;7;6;NF;6;5;NF;6;5;PF;5;4;PF;3;4;PF;3;5;PF;3;5;PF;7;5;NF;7;5;NF;7;5;NF;5;5;PF;4;4;PF;4;4;PF;4;4;PF;4;4;PF;3;3;PF;3;3;PF;3;3;PF;3;4;PF;3;4;PF;5;4;PF;5;4;PF;3;4;PF;3;4;PF;3;4;PF;3;4;PF;3;4;PF;4;4;PF;4;4;PF;4;4;PF;4;4;PF;4;4;PF;4;4;PF;4;4;PF;6;4;PF
Nigeria;6;4;PF;6;4;PF;6;4;PF;6;5;PF;6;4;PF;5;4;PF;5;3;PF;2;3;F;2;3;F;2;3;F;2;3;F;7;5;NF;7;5;NF;7;5;NF;6;5;PF;5;5;PF;6;5;PF;5;5;PF;5;4;PF;5;4;PF;7;5;NF;7;6;NF;7;7;NF;7;6;NF;7;6;NF;6;4;PF;4;3;PF;4;4;PF;4;5;PF;4;5;PF;4;4;PF;4;4;PF;4;4;PF;4;4;PF;4;4;PF;5;4;PF;5;4;PF;4;4;PF;4;4;PF;4;4;PF;4;4;PF;4;5;PF;4;5;PF;3;5;PF;3;5;PF;3;5;PF;4;5;PF;4;5;PF;4;5;PF;4;5;PF;4;5;PF
North Korea;7;7;NF;7;7;NF;7;7;NF;7;7;NF;7;7;NF;7;7;NF;7;7;NF;7;7;NF;7;7;NF;7;7;NF;7;7;NF;7;7;NF;7;7;NF;7;7;NF;7;7;NF;7;7;NF;7;7;NF;7;7;NF;7;7;NF;7;7;NF;7;7;NF;7;7;NF;7;7;NF;7;7;NF;7;7;NF;7;7;NF;7;7;NF;7;7;NF;7;7;NF;7;7;NF;7;7;NF;7;7;NF;7;7;NF;7;7;NF;7;7;NF;7;7;NF;7;7;NF;7;7;NF;7;7;NF;7;7;NF;7;7;NF;7;7;NF;7;7;NF;7;7;NF;7;7;NF;7;7;NF;7;7;NF;7;7;NF;7;7;NF;7;7;NF;7;7;NF
North Macedonia;-;-;-;-;-;-;-;-;-;-;-;-;-;-;-;-;-;-;-;-;-;-;-;-;-;-;-;-;-;-;-;-;-;-;-;-;-;-;-;-;-;-;-;-;-;-;-;-;-;-;-;-;-;-;-;-;-;3;4;PF;3;3;PF;4;3;PF;4;3;PF;4;3;PF;4;3;PF;3;3;PF;3;3;PF;4;3;PF;4;4;PF;3;3;PF;3;3;PF;3;3;PF;3;3;PF;3;3;PF;3;3;PF;3;3;PF;3;3;PF;3;3;PF;3;3;PF;3;3;PF;3;3;PF;4;3;PF;4;3;PF;4;3;PF;4;3;PF;4;3;PF;3;3;PF;3;3;PF;3;3;PF;3;3;PF;3;3;PF
Norway;1;1;F;1;1;F;1;1;F;1;1;F;1;1;F;1;1;F;1;1;F;1;1;F;1;1;F;1;1;F;1;1;F;1;1;F;1;1;F;1;1;F;1;1;F;1;1;F;1;1;F;1;1;F;1;1;F;1;1;F;1;1;F;1;1;F;1;1;F;1;1;F;1;1;F;1;1;F;1;1;F;1;1;F;1;1;F;1;1;F;1;1;F;1;1;F;1;1;F;1;1;F;1;1;F;1;1;F;1;1;F;1;1;F;1;1;F;1;1;F;1;1;F;1;1;F;1;1;F;1;1;F;1;1;F;1;1;F;1;1;F;1;1;F;1;1;F;1;1;F;1;1;F
Oman;7;6;NF;7;6;NF;7;6;NF;7;6;NF;6;6;NF;6;6;NF;6;6;NF;6;6;NF;6;6;NF;6;6;NF;6;6;NF;6;6;NF;6;6;NF;6;6;NF;6;6;NF;6;6;NF;6;6;NF;6;6;NF;6;6;NF;6;5;PF;6;6;NF;6;6;NF;6;6;NF;6;6;NF;6;6;NF;6;6;NF;6;6;NF;6;5;NF;6;5;NF;6;5;NF;6;5;NF;6;5;NF;6;5;NF;6;5;NF;6;5;NF;6;5;NF;6;5;NF;6;5;NF;6;5;NF;6;5;NF;6;5;NF;6;5;NF;6;5;NF;6;5;NF;6;5;NF;6;5;NF;6;5;NF;6;5;NF;6;5;NF;6;5;NF;6;5;NF
Pakistan;3;5;PF;3;5;PF;3;5;PF;5;5;PF;4;5;PF;6;4;PF;6;5;PF;6;5;NF;7;5;NF;7;5;NF;7;5;NF;7;5;NF;4;5;PF;4;5;PF;4;5;PF;3;3;PF;3;3;PF;4;4;PF;4;5;PF;4;5;PF;3;5;PF;3;5;PF;3;5;PF;4;5;PF;4;5;PF;4;5;PF;7;5;NF;6;5;NF;6;5;NF;6;5;NF;6;5;NF;6;5;NF;6;5;NF;6;5;NF;6;5;NF;4;5;PF;4;5;PF;4;5;PF;4;5;PF;4;5;PF;4;5;PF;4;5;PF;4;5;PF;4;5;PF;4;5;PF;5;5;PF;5;5;PF;5;5;PF;5;5;PF;5;5;PF;5;5;PF
Palau;-;-;-;-;-;-;-;-;-;-;-;-;-;-;-;-;-;-;-;-;-;-;-;-;-;-;-;-;-;-;-;-;-;-;-;-;-;-;-;-;-;-;-;-;-;-;-;-;-;-;-;-;-;-;-;-;-;-;-;-;-;-;-;1;2;F;1;2;F;1;2;F;1;2;F;1;2;F;1;2;F;1;2;F;1;2;F;1;2;F;1;1;F;1;1;F;1;1;F;1;1;F;1;1;F;1;1;F;1;1;F;1;1;F;1;1;F;1;1;F;1;1;F;1;1;F;1;1;F;1;1;F;1;1;F;1;1;F;1;1;F;1;1;F;1;1;F;1;1;F;1;1;F
Panama;7;6;NF;7;6;NF;7;6;NF;7;6;NF;7;6;NF;6;5;NF;5;5;PF;5;5;PF;4;4;PF;5;5;PF;5;4;PF;4;3;PF;6;3;PF;6;3;PF;5;5;PF;6;5;NF;7;6;NF;4;2;PF;4;2;PF;4;3;PF;3;3;PF;2;3;F;2;3;F;2;3;F;2;3;F;2;3;F;1;2;F;1;2;F;1;2;F;1;2;F;1;2;F;1;2;F;1;2;F;1;2;F;1;2;F;1;2;F;1;2;F;1;2;F;1;2;F;1;2;F;2;2;F;2;2;F;2;2;F;2;2;F;2;2;F;1;2;F;1;2;F;2;2;F;2;2;F;2;2;F;2;2;F
Papua New Guinea;-;-;-;-;-;-;-;-;-;3;2;PF;2;2;F;2;2;F;2;2;F;2;2;F;2;2;F;2;2;F;2;2;F;2;2;F;2;2;F;2;2;F;2;2;F;2;3;F;2;2;F;2;3;F;2;3;F;2;3;F;2;4;PF;2;4;PF;2;4;PF;2;4;PF;2;4;PF;2;3;F;2;3;F;2;3;F;2;3;F;2;3;F;3;3;PF;3;3;PF;3;3;PF;3;3;PF;3;3;PF;4;3;PF;4;3;PF;4;3;PF;4;3;PF;4;3;PF;3;3;PF;4;3;PF;4;3;PF;3;3;PF;3;3;PF;4;3;PF;4;3;PF;4;3;PF;4;3;PF;4;3;PF;4;3;PF
Paraguay;4;6;PF;5;5;PF;5;5;PF;5;5;PF;5;6;NF;5;6;NF;5;5;PF;5;5;PF;5;5;PF;5;5;PF;5;5;PF;5;5;PF;5;5;PF;5;6;PF;5;6;PF;6;6;NF;4;3;PF;4;3;PF;3;3;PF;3;3;PF;3;3;PF;4;3;PF;4;3;PF;4;3;PF;4;3;PF;4;3;PF;4;3;PF;4;3;PF;4;3;PF;4;3;PF;3;3;PF;3;3;PF;3;3;PF;3;3;PF;3;3;PF;3;3;PF;3;3;PF;3;3;PF;3;3;PF;3;3;PF;3;3;PF;3;3;PF;3;3;PF;3;3;PF;3;3;PF;3;3;PF;3;3;PF;3;3;PF;3;3;PF;3;3;PF;3;3;PF
Peru;7;5;NF;7;5;NF;6;6;NF;6;4;PF;6;4;PF;6;4;PF;5;4;PF;5;4;PF;2;3;F;2;3;F;2;3;F;2;3;F;2;3;F;2;3;F;2;3;F;2;3;F;2;4;PF;3;4;PF;3;5;PF;6;5;PF;5;5;PF;5;4;PF;5;4;PF;4;3;PF;5;4;PF;5;4;PF;5;4;PF;3;4;PF;1;3;F;2;3;F;2;3;F;2;3;F;2;3;F;2;3;F;2;3;F;2;3;F;2;3;F;2;3;F;2;3;F;2;3;F;2;3;F;2;3;F;2;3;F;2;3;F;2;3;F;2;3;F;2;3;F;3;3;PF;2;3;F;3;3;PF;3;3;PF
Philippines;4;6;PF;5;5;PF;5;5;PF;5;5;PF;5;5;PF;5;5;PF;5;5;PF;5;5;PF;5;5;PF;5;4;PF;5;5;PF;4;4;PF;4;3;PF;4;2;PF;2;2;F;2;3;F;2;3;F;3;3;PF;3;3;PF;3;3;PF;3;4;PF;3;4;PF;2;4;PF;2;3;F;2;3;F;2;3;F;2;3;F;2;3;F;2;3;F;2;3;F;2;3;F;2;3;F;3;3;PF;3;3;PF;4;3;PF;4;3;PF;4;3;PF;3;3;PF;3;3;PF;3;3;PF;3;3;PF;3;3;PF;3;3;PF;3;3;PF;3;3;PF;3;3;PF;3;4;PF;3;4;PF;3;4;PF;3;4;PF;3;4;PF
Poland;6;6;NF;6;6;NF;6;6;NF;6;6;NF;6;6;NF;6;5;NF;6;5;PF;6;5;PF;6;4;PF;7;5;NF;6;5;PF;6;5;PF;6;5;PF;6;5;PF;5;5;PF;5;5;PF;4;3;PF;2;2;F;2;2;F;2;2;F;2;2;F;2;2;F;1;2;F;1;2;F;1;2;F;1;2;F;1;2;F;1;2;F;1;2;F;1;2;F;1;2;F;1;1;F;1;1;F;1;1;F;1;1;F;1;1;F;1;1;F;1;1;F;1;1;F;1;1;F;1;1;F;1;1;F;1;1;F;1;2;F;1;2;F;2;2;F;2;2;F;2;2;F;2;2;F;2;2;F;2;2;F
Portugal;5;6;NF;5;6;NF;5;3;PF;5;3;PF;2;2;F;2;2;F;2;2;F;2;2;F;2;2;F;2;2;F;1;2;F;1;2;F;1;2;F;1;2;F;1;2;F;1;2;F;1;2;F;1;2;F;1;1;F;1;1;F;1;1;F;1;1;F;1;1;F;1;1;F;1;1;F;1;1;F;1;1;F;1;1;F;1;1;F;1;1;F;1;1;F;1;1;F;1;1;F;1;1;F;1;1;F;1;1;F;1;1;F;1;1;F;1;1;F;1;1;F;1;1;F;1;1;F;1;1;F;1;1;F;1;1;F;1;1;F;1;1;F;1;1;F;1;1;F;1;1;F;1;1;F
Qatar;6;5;NF;6;5;NF;6;5;NF;6;5;NF;5;5;PF;5;5;PF;5;5;PF;5;5;PF;5;5;PF;5;5;PF;5;5;PF;5;5;PF;5;5;PF;5;5;PF;5;5;PF;5;5;PF;7;5;NF;7;5;NF;7;5;NF;7;6;NF;7;6;NF;7;6;NF;7;6;NF;7;6;NF;7;6;NF;7;6;NF;6;6;NF;6;6;NF;6;6;NF;6;6;NF;6;6;NF;6;5;NF;6;5;NF;6;5;NF;6;5;NF;6;5;NF;6;5;NF;6;5;NF;6;5;NF;6;5;NF;6;5;NF;6;5;NF;6;5;NF;6;5;NF;6;5;NF;6;5;NF;6;5;NF;6;5;NF;6;5;NF;6;5;NF;6;5;NF
Romania;7;6;NF;7;6;NF;7;6;NF;7;6;NF;7;6;NF;7;6;NF;7;6;NF;7;6;NF;7;6;NF;7;6;NF;7;6;NF;7;7;NF;7;7;NF;7;7;NF;7;7;NF;7;7;NF;7;7;NF;6;5;NF;5;5;PF;4;4;PF;4;4;PF;4;3;PF;4;3;PF;2;3;F;2;2;F;2;2;F;2;2;F;2;2;F;2;2;F;2;2;F;2;2;F;3;2;F;2;2;F;2;2;F;2;2;F;2;2;F;2;2;F;2;2;F;2;2;F;2;2;F;2;2;F;2;2;F;2;2;F;2;2;F;2;2;F;2;2;F;2;2;F;2;2;F;2;2;F;2;2;F;2;2;F
Russia;-;-;-;-;-;-;-;-;-;-;-;-;-;-;-;-;-;-;-;-;-;-;-;-;-;-;-;-;-;-;-;-;-;-;-;-;-;-;-;-;-;-;-;-;-;-;-;-;-;-;-;-;-;-;3;3;PF;3;4;PF;3;4;PF;3;4;PF;3;4;PF;3;4;PF;3;4;PF;4;4;PF;4;5;PF;5;5;PF;5;5;PF;5;5;PF;5;5;PF;6;5;NF;6;5;NF;6;5;NF;6;5;NF;6;5;NF;6;5;NF;6;5;NF;6;5;NF;6;5;NF;6;5;NF;6;6;NF;6;6;NF;7;6;NF;7;6;NF;7;6;NF;7;6;NF;7;6;NF;7;6;NF;7;6;NF;7;6;NF
Rwanda;7;6;NF;7;6;NF;7;5;NF;7;5;NF;7;5;NF;7;5;NF;6;6;NF;6;6;NF;6;6;NF;6;6;NF;6;6;NF;6;6;NF;6;6;NF;6;6;NF;6;6;NF;6;6;NF;6;6;NF;6;6;NF;6;6;NF;6;5;NF;6;5;NF;7;7;NF;7;6;NF;7;6;NF;7;6;NF;7;6;NF;7;6;NF;7;6;NF;7;6;NF;7;5;NF;6;5;NF;6;5;NF;6;5;NF;6;5;NF;6;5;NF;6;5;NF;6;5;NF;6;5;NF;6;5;NF;6;6;NF;6;5;NF;6;6;NF;6;6;NF;6;6;NF;6;6;NF;6;6;NF;6;6;NF;6;6;NF;6;6;NF;6;6;NF;6;6;NF
Samoa;4;2;PF;4;2;PF;4;2;PF;4;2;PF;4;2;PF;4;2;PF;4;2;PF;4;2;PF;4;3;PF;4;3;PF;4;3;PF;4;3;PF;4;3;PF;4;3;PF;4;3;PF;4;3;PF;2;2;F;2;2;F;2;2;F;2;2;F;2;2;F;2;2;F;2;2;F;2;2;F;2;2;F;2;3;F;2;2;F;2;2;F;2;2;F;2;2;F;2;2;F;2;2;F;2;2;F;2;2;F;2;2;F;2;2;F;2;2;F;2;2;F;2;2;F;2;2;F;2;2;F;2;2;F;2;2;F;2;2;F;2;2;F;2;2;F;2;2;F;2;2;F;2;2;F;2;2;F;2;2;F
San Marino;2;2;F;2;2;F;2;2;F;2;2;F;2;2;F;-;-;-;-;-;-;-;-;-;-;-;-;-;-;-;-;-;-;-;-;-;-;-;-;-;-;-;-;-;-;-;-;-;-;-;-;-;-;-;-;-;-;1;1;F;1;1;F;1;1;F;1;1;F;1;1;F;1;1;F;1;1;F;1;1;F;1;1;F;1;1;F;1;1;F;1;1;F;1;1;F;1;1;F;1;1;F;1;1;F;1;1;F;1;1;F;1;1;F;1;1;F;1;1;F;1;1;F;1;1;F;1;1;F;1;1;F;1;1;F;1;1;F;1;1;F;1;1;F;1;1;F;1;1;F;1;1;F
Sao Tome and Principe;-;-;-;-;-;-;-;-;-;5;5;PF;5;5;PF;6;5;NF;6;6;NF;6;6;NF;6;6;NF;6;6;NF;7;7;NF;7;7;NF;7;7;NF;7;7;NF;7;7;NF;6;7;NF;6;5;NF;5;5;PF;2;3;F;2;3;F;1;2;F;1;2;F;1;2;F;1;2;F;1;2;F;1;2;F;1;2;F;1;2;F;1;2;F;1;2;F;2;2;F;2;2;F;2;2;F;2;2;F;2;2;F;2;2;F;2;2;F;2;2;F;2;2;F;2;2;F;2;2;F;2;2;F;2;2;F;2;2;F;2;2;F;2;2;F;2;2;F;2;2;F;2;2;F;2;2;F;2;2;F
Saudi Arabia;6;6;NF;6;6;NF;6;6;NF;6;6;NF;6;6;NF;6;6;NF;6;6;NF;6;6;NF;6;6;NF;6;6;NF;6;7;NF;6;7;NF;6;7;NF;6;7;NF;6;7;NF;6;7;NF;7;6;NF;7;6;NF;7;6;NF;7;7;NF;7;7;NF;7;7;NF;7;7;NF;7;7;NF;7;7;NF;7;7;NF;7;7;NF;7;7;NF;7;7;NF;7;7;NF;7;7;NF;7;7;NF;7;6;NF;7;6;NF;7;6;NF;7;6;NF;7;6;NF;7;6;NF;7;7;NF;7;7;NF;7;7;NF;7;7;NF;7;7;NF;7;7;NF;7;7;NF;7;7;NF;7;7;NF;7;7;NF;7;7;NF;7;7;NF;7;7;NF
Senegal;6;6;NF;6;6;NF;6;5;NF;6;4;PF;6;4;PF;5;3;PF;4;3;PF;4;4;PF;4;4;PF;4;4;PF;4;4;PF;3;4;PF;3;4;PF;3;4;PF;3;4;PF;3;4;PF;4;3;PF;4;3;PF;4;3;PF;4;3;PF;4;5;PF;4;5;PF;4;5;PF;4;4;PF;4;4;PF;4;4;PF;4;4;PF;3;4;PF;3;4;PF;2;3;F;2;3;F;2;3;F;2;3;F;2;3;F;2;3;F;3;3;PF;3;3;PF;3;3;PF;3;3;PF;2;3;F;2;2;F;2;2;F;2;2;F;2;2;F;2;2;F;2;3;F;3;3;PF;3;3;PF;3;3;PF;3;3;PF;3;3;PF
Serbia;-;-;-;-;-;-;-;-;-;-;-;-;-;-;-;-;-;-;-;-;-;-;-;-;-;-;-;-;-;-;-;-;-;-;-;-;-;-;-;-;-;-;-;-;-;-;-;-;-;-;-;-;-;-;-;-;-;-;-;-;-;-;-;-;-;-;-;-;-;-;-;-;-;-;-;-;-;-;-;-;-;-;-;-;-;-;-;-;-;-;-;-;-;-;-;-;-;-;-;3;2;F;3;2;F;3;2;F;2;2;F;2;2;F;2;2;F;2;2;F;2;2;F;2;2;F;2;2;F;3;2;F;3;2;F;3;3;PF;4;3;PF;4;3;PF;4;3;PF;4;3;PF;4;3;PF
Serbia and Montenegro;-;-;-;-;-;-;-;-;-;-;-;-;-;-;-;-;-;-;-;-;-;-;-;-;-;-;-;-;-;-;-;-;-;-;-;-;-;-;-;-;-;-;-;-;-;-;-;-;-;-;-;-;-;-;-;-;-;-;-;-;-;-;-;-;-;-;-;-;-;-;-;-;-;-;-;-;-;-;-;-;-;-;-;-;-;-;-;-;-;-;3;2;F;3;2;F;3;2;F;-;-;-;-;-;-;-;-;-;-;-;-;-;-;-;-;-;-;-;-;-;-;-;-;-;-;-;-;-;-;-;-;-;-;-;-;-;-;-;-;-;-;-;-;-;-;-;-;-;-;-;-;-;-
Seychelles;-;-;-;-;-;-;-;-;-;-;-;-;1;2;F;6;3;PF;6;5;PF;6;6;NF;6;6;NF;6;6;NF;6;6;NF;6;6;NF;6;6;NF;6;6;NF;6;6;NF;6;6;NF;6;6;NF;6;6;NF;6;6;NF;6;4;PF;3;4;PF;3;4;PF;3;3;PF;3;3;PF;3;3;PF;3;3;PF;3;3;PF;3;3;PF;3;3;PF;3;3;PF;3;3;PF;3;3;PF;3;3;PF;3;3;PF;3;3;PF;3;3;PF;3;3;PF;3;3;PF;3;3;PF;3;3;PF;3;3;PF;3;3;PF;3;3;PF;3;3;PF;3;3;PF;3;3;PF;3;3;PF;2;3;F;2;2;F;2;2;F;2;2;F
Sierra Leone;4;5;PF;6;5;PF;6;5;PF;6;5;PF;6;5;PF;5;5;PF;5;5;PF;5;5;PF;5;5;PF;5;5;PF;5;5;PF;4;5;PF;5;5;PF;5;5;PF;5;5;PF;5;5;PF;6;5;PF;6;5;PF;6;5;PF;7;6;NF;7;6;NF;7;6;NF;7;6;NF;4;5;PF;7;6;NF;3;5;PF;3;5;PF;4;5;PF;4;5;PF;4;4;PF;4;3;PF;4;3;PF;4;3;PF;4;3;PF;3;3;PF;3;3;PF;3;3;PF;3;3;PF;3;3;PF;2;3;F;3;3;PF;3;3;PF;3;3;PF;3;3;PF;3;3;PF;3;3;PF;3;3;PF;3;3;PF;3;3;PF;3;3;PF;3;3;PF
Singapore;5;5;PF;5;5;PF;5;5;PF;5;5;PF;5;5;PF;5;5;PF;5;5;PF;5;5;PF;5;5;PF;4;5;PF;4;5;PF;4;5;PF;4;5;PF;4;5;PF;4;5;PF;4;5;PF;4;4;PF;4;4;PF;4;4;PF;4;5;PF;5;5;PF;5;5;PF;5;5;PF;4;5;PF;5;5;PF;5;5;PF;5;5;PF;5;5;PF;5;5;PF;5;4;PF;5;4;PF;5;4;PF;5;4;PF;5;4;PF;5;4;PF;5;4;PF;5;4;PF;5;4;PF;4;4;PF;4;4;PF;4;4;PF;4;4;PF;4;4;PF;4;4;PF;4;4;PF;4;4;PF;4;4;PF;4;4;PF;4;4;PF;4;4;PF;4;4;PF
Slovakia;-;-;-;-;-;-;-;-;-;-;-;-;-;-;-;-;-;-;-;-;-;-;-;-;-;-;-;-;-;-;-;-;-;-;-;-;-;-;-;-;-;-;-;-;-;-;-;-;-;-;-;-;-;-;-;-;-;-;-;-;3;4;PF;2;3;F;2;3;F;2;4;PF;2;4;PF;2;2;F;1;2;F;1;2;F;1;2;F;1;2;F;1;2;F;1;1;F;1;1;F;1;1;F;1;1;F;1;1;F;1;1;F;1;1;F;1;1;F;1;1;F;1;1;F;1;1;F;1;1;F;1;1;F;1;1;F;1;2;F;1;2;F;1;1;F;1;1;F;1;1;F;1;1;F
Slovenia;-;-;-;-;-;-;-;-;-;-;-;-;-;-;-;-;-;-;-;-;-;-;-;-;-;-;-;-;-;-;-;-;-;-;-;-;-;-;-;-;-;-;-;-;-;-;-;-;-;-;-;-;-;-;2;3;F;2;2;F;1;2;F;1;2;F;1;2;F;1;2;F;1;2;F;1;2;F;1;2;F;1;2;F;1;2;F;1;1;F;1;1;F;1;1;F;1;1;F;1;1;F;1;1;F;1;1;F;1;1;F;1;1;F;1;1;F;1;1;F;1;1;F;1;1;F;1;1;F;1;1;F;1;1;F;1;1;F;1;1;F;1;1;F;1;2;F;1;1;F;1;1;F
Solomon Islands;-;-;-;-;-;-;-;-;-;-;-;-;-;-;-;-;-;-;2;2;F;2;2;F;2;2;F;2;2;F;2;2;F;2;3;F;2;3;F;2;2;F;2;2;F;2;2;F;1;1;F;1;1;F;1;1;F;1;1;F;1;2;F;1;2;F;1;2;F;1;2;F;1;2;F;1;2;F;1;2;F;4;4;PF;4;4;PF;3;3;PF;3;3;PF;3;3;PF;3;3;PF;4;3;PF;4;3;PF;4;3;PF;4;3;PF;4;3;PF;4;3;PF;4;3;PF;4;3;PF;3;3;PF;3;3;PF;3;2;F;3;2;F;2;2;F;2;2;F;2;2;F;2;2;F;3;2;F;3;2;F
Somalia;7;6;NF;7;6;NF;7;6;NF;7;6;NF;7;7;NF;7;7;NF;7;7;NF;7;7;NF;7;7;NF;7;7;NF;7;7;NF;7;7;NF;7;7;NF;7;7;NF;7;7;NF;7;7;NF;7;7;NF;7;7;NF;7;7;NF;7;7;NF;7;7;NF;7;7;NF;7;7;NF;7;7;NF;7;7;NF;7;7;NF;7;7;NF;6;7;NF;6;7;NF;6;7;NF;6;7;NF;6;7;NF;6;7;NF;7;7;NF;7;7;NF;7;7;NF;7;7;NF;7;7;NF;7;7;NF;7;7;NF;7;7;NF;7;7;NF;7;7;NF;7;7;NF;7;7;NF;7;7;NF;7;7;NF;7;7;NF;7;7;NF;7;7;NF;7;7;NF
South Africa;2(5);3(6);F (NF);4;5;PF;4;5;PF;4;5;PF;4;5;PF;5;6;PF;5;6;PF;5;6;PF;5;6;PF;5;6;NF;5;6;PF;5;6;PF;5;6;PF;5;6;PF;5;6;PF;5;6;PF;6;5;PF;5;4;PF;5;4;PF;5;4;PF;5;4;PF;2;3;F;1;2;F;1;2;F;1;2;F;1;2;F;1;2;F;1;2;F;1;2;F;1;2;F;1;2;F;1;2;F;1;2;F;2;2;F;2;2;F;2;2;F;2;2;F;2;2;F;2;2;F;2;2;F;2;2;F;2;2;F;2;2;F;2;2;F;2;2;F;2;2;F;2;2;F;2;2;F;2;2;F;2;2;F;2;2;F
South Korea;5;6;NF;4;6;PF;5;6;PF;5;5;PF;5;6;PF;5;5;PF;4;5;PF;4;5;PF;5;6;PF;5;5;PF;5;6;PF;5;5;PF;4;5;PF;4;5;PF;4;4;PF;2;3;F;2;3;F;2;3;F;2;3;F;2;3;F;2;2;F;2;2;F;2;2;F;2;2;F;2;2;F;2;2;F;2;2;F;2;2;F;2;2;F;2;2;F;2;2;F;1;2;F;1;2;F;1;2;F;1;2;F;1;2;F;1;2;F;1;2;F;1;2;F;1;2;F;2;2;F;2;2;F;2;2;F;2;2;F;2;2;F;2;2;F;2;2;F;2;2;F;2;2;F;2;2;F;2;2;F
South Sudan;-;-;-;-;-;-;-;-;-;-;-;-;-;-;-;-;-;-;-;-;-;-;-;-;-;-;-;-;-;-;-;-;-;-;-;-;-;-;-;-;-;-;-;-;-;-;-;-;-;-;-;-;-;-;-;-;-;-;-;-;-;-;-;-;-;-;-;-;-;-;-;-;-;-;-;-;-;-;-;-;-;-;-;-;-;-;-;-;-;-;-;-;-;-;-;-;-;-;-;-;-;-;-;-;-;-;-;-;-;-;-;-;-;-;6;5;NF;6;5;NF;6;6;NF;7;6;NF;7;6;NF;7;7;NF;7;7;NF;7;7;NF;7;7;NF;7;7;NF;7;7;NF;7;7;NF;7;7;NF
Spain;5;6;NF;5;6;NF;5;5;PF;5;5;PF;5;3;PF;2;3;F;2;2;F;2;2;F;2;3;F;2;3;F;1;2;F;1;2;F;1;2;F;1;2;F;1;2;F;1;2;F;1;1;F;1;1;F;1;1;F;1;1;F;1;2;F;1;2;F;1;2;F;1;2;F;1;2;F;1;2;F;1;2;F;1;2;F;1;2;F;1;1;F;1;1;F;1;1;F;1;1;F;1;1;F;1;1;F;1;1;F;1;1;F;1;1;F;1;1;F;1;1;F;1;1;F;1;1;F;1;1;F;1;1;F;1;1;F;1;1;F;1;1;F;1;1;F;1;1;F;1;1;F;1;1;F
Sri Lanka;2;3;F;2;3;F;2;3;F;2;4;PF;2;3;F;2;2;F;2;3;F;2;3;F;2;3;F;2;3;F;3;4;PF;3;4;PF;3;4;PF;3;4;PF;3;4;PF;3;4;PF;4;5;PF;4;5;PF;4;5;PF;4;5;PF;4;5;PF;4;5;PF;4;5;PF;3;5;PF;3;4;PF;3;4;PF;3;4;PF;3;4;PF;3;4;PF;3;4;PF;3;3;PF;3;3;PF;3;3;PF;4;4;PF;4;4;PF;4;4;PF;4;4;PF;5;4;PF;5;4;PF;5;4;PF;5;4;PF;5;5;PF;4;4;PF;3;4;PF;3;4;PF;3;4;PF;4;4;PF;4;4;PF;4;4;PF;4;4;PF;4;4;PF
St. Kitts and Nevis;-;-;-;-;-;-;-;-;-;-;-;-;-;-;-;-;-;-;-;-;-;-;-;-;-;-;-;-;-;-;2;2;F;1;1;F;1;1;F;1;1;F;1;2;F;1;2;F;1;1;F;1;1;F;1;1;F;1;1;F;1;1;F;2;2;F;1;2;F;1;2;F;1;2;F;1;2;F;1;2;F;1;2;F;1;2;F;1;2;F;1;2;F;1;2;F;1;1;F;1;1;F;1;1;F;1;1;F;1;1;F;1;1;F;1;1;F;1;1;F;1;1;F;1;1;F;2;1;F;1;1;F;1;1;F;1;1;F;1;1;F;2;1;F;2;1;F;2;1;F;2;1;F
St. Lucia;-;-;-;-;-;-;-;-;-;-;-;-;-;-;-;-;-;-;-;-;-;2;3;F;2;2;F;2;2;F;2;2;F;1;2;F;1;2;F;1;2;F;1;2;F;1;2;F;1;2;F;1;2;F;1;2;F;1;2;F;1;2;F;1;2;F;1;2;F;1;2;F;1;2;F;1;2;F;1;2;F;1;2;F;1;2;F;1;2;F;1;2;F;1;2;F;1;1;F;1;1;F;1;1;F;1;1;F;1;1;F;1;1;F;1;1;F;1;1;F;1;1;F;1;1;F;1;1;F;1;1;F;1;1;F;1;1;F;1;1;F;1;1;F;1;1;F;1;1;F;1;1;F
St. Vincent and the Grenadines;-;-;-;-;-;-;-;-;-;-;-;-;-;-;-;-;-;-;-;-;-;2;2;F;2;2;F;2;2;F;2;2;F;2;2;F;2;2;F;2;2;F;1;2;F;1;2;F;1;2;F;1;2;F;1;2;F;1;2;F;1;1;F;2;1;F;2;1;F;2;1;F;2;1;F;2;1;F;2;1;F;2;1;F;2;1;F;2;1;F;2;1;F;2;1;F;2;1;F;2;1;F;2;1;F;2;1;F;2;1;F;1;1;F;1;1;F;1;1;F;1;1;F;1;1;F;1;1;F;1;1;F;1;1;F;1;1;F;1;1;F;1;1;F;1;1;F;1;1;F;1;1;F
Sudan;6;6;NF;6;6;NF;6;6;NF;6;6;NF;6;6;NF;6;5;NF;5;5;PF;5;5;PF;5;5;PF;5;5;PF;5;5;PF;6;6;NF;6;6;NF;4;5;PF;4;5;PF;4;5;PF;7;7;NF;7;7;NF;7;7;NF;7;7;NF;7;7;NF;7;7;NF;7;7;NF;7;7;NF;7;7;NF;7;7;NF;7;7;NF;7;7;NF;7;7;NF;7;7;NF;7;7;NF;7;7;NF;7;7;NF;7;7;NF;7;7;NF;7;7;NF;7;7;NF;7;7;NF;7;7;NF;7;7;NF;7;7;NF;7;7;NF;7;7;NF;7;7;NF;7;7;NF;7;7;NF;7;6;NF;7;6;NF;7;6;NF;7;6;NF;7;6;NF
Suriname;-;-;-;-;-;-;-;-;-;2;2;F;2;2;F;2;2;F;2;2;F;2;2;F;7;5;NF;7;5;NF;7;6;NF;7;6;NF;6;6;NF;6;6;NF;4;4;PF;3;2;F;3;3;PF;6;4;PF;4;4;PF;3;3;PF;3;3;PF;3;3;PF;3;3;PF;3;3;PF;3;3;PF;3;3;PF;3;3;PF;1;2;F;1;2;F;1;2;F;1;2;F;1;2;F;2;2;F;2;2;F;2;2;F;2;2;F;2;2;F;2;2;F;2;2;F;2;2;F;2;2;F;2;2;F;2;3;F;2;3;F;2;2;F;2;3;F;2;3;F;2;2;F;2;2;F;2;2;F;2;2;F
Sweden;1;1;F;1;1;F;1;1;F;2;1;F;1;1;F;1;1;F;1;1;F;1;1;F;1;1;F;1;1;F;1;1;F;1;1;F;1;1;F;1;1;F;1;1;F;1;1;F;1;1;F;1;1;F;1;1;F;1;1;F;1;1;F;1;1;F;1;1;F;1;1;F;1;1;F;1;1;F;1;1;F;1;1;F;1;1;F;1;1;F;1;1;F;1;1;F;1;1;F;1;1;F;1;1;F;1;1;F;1;1;F;1;1;F;1;1;F;1;1;F;1;1;F;1;1;F;1;1;F;1;1;F;1;1;F;1;1;F;1;1;F;1;1;F;1;1;F;1;1;F;1;1;F
Switzerland;1;1;F;1;1;F;1;1;F;1;1;F;1;1;F;1;1;F;1;1;F;1;1;F;1;1;F;1;1;F;1;1;F;1;1;F;1;1;F;1;1;F;1;1;F;1;1;F;1;1;F;1;1;F;1;1;F;1;1;F;1;1;F;1;1;F;1;1;F;1;1;F;1;1;F;1;1;F;1;1;F;1;1;F;1;1;F;1;1;F;1;1;F;1;1;F;1;1;F;1;1;F;1;1;F;1;1;F;1;1;F;1;1;F;1;1;F;1;1;F;1;1;F;1;1;F;1;1;F;1;1;F;1;1;F;1;1;F;1;1;F;1;1;F;1;1;F;1;1;F;1;1;F
Syria;7;7;NF;7;7;NF;6;7;NF;6;7;NF;6;6;NF;5;6;PF;5;6;PF;5;6;PF;5;7;NF;5;7;NF;6;7;NF;6;7;NF;6;7;NF;6;7;NF;6;7;NF;6;7;NF;7;7;NF;7;7;NF;7;7;NF;7;7;NF;7;7;NF;7;7;NF;7;7;NF;7;7;NF;7;7;NF;7;7;NF;7;7;NF;7;7;NF;7;7;NF;7;7;NF;7;7;NF;7;7;NF;7;7;NF;7;6;NF;7;6;NF;7;6;NF;7;6;NF;7;6;NF;7;7;NF;7;7;NF;7;7;NF;7;7;NF;7;7;NF;7;7;NF;7;7;NF;7;7;NF;7;7;NF;7;7;NF;7;7;NF;7;7;NF;7;7;NF
Taiwan;6;5;NF;6;5;NF;6;5;NF;6;5;NF;5;5;PF;5;4;PF;5;5;PF;5;5;PF;5;5;PF;5;5;PF;5;5;PF;5;5;PF;5;5;PF;5;5;PF;5;4;PF;5;3;PF;4;3;PF;3;3;PF;3;3;PF;3;3;PF;4;4;PF;3;3;PF;3;3;PF;2;2;F;2;2;F;2;2;F;2;2;F;1;2;F;1;2;F;2;2;F;2;2;F;2;1;F;1;1;F;2;1;F;2;1;F;2;1;F;1;2;F;1;2;F;1;2;F;1;2;F;1;2;F;1;2;F;1;2;F;1;1;F;1;1;F;1;1;F;1;1;F;1;1;F;1;1;F;1;1;F;1;1;F
Tajikistan;-;-;-;-;-;-;-;-;-;-;-;-;-;-;-;-;-;-;-;-;-;-;-;-;-;-;-;-;-;-;-;-;-;-;-;-;-;-;-;-;-;-;-;-;-;-;-;-;-;-;-;-;-;-;5;5;PF;6;6;NF;7;7;NF;7;7;NF;7;7;NF;7;7;NF;6;6;NF;6;6;NF;6;6;NF;6;6;NF;6;6;NF;6;5;NF;6;5;NF;6;5;NF;6;5;NF;6;5;NF;6;5;NF;6;5;NF;6;5;NF;6;5;NF;6;5;NF;6;6;NF;6;6;NF;6;6;NF;7;6;NF;7;6;NF;7;6;NF;7;6;NF;7;6;NF;7;6;NF;7;6;NF;7;7;NF;7;7;NF
Tanzania;6;6;NF;6;6;NF;6;6;NF;6;6;NF;6;6;NF;6;6;NF;6;6;NF;6;6;NF;6;6;NF;6;6;NF;6;6;NF;6;6;NF;6;6;NF;6;6;NF;6;6;NF;6;6;NF;6;6;NF;6;5;NF;6;5;NF;6;5;PF;6;5;NF;6;6;NF;5;5;PF;5;5;PF;5;5;PF;5;4;PF;4;4;PF;4;4;PF;4;4;PF;4;3;PF;4;3;PF;4;3;PF;4;3;PF;4;3;PF;4;3;PF;4;3;PF;4;3;PF;3;3;PF;3;3;PF;3;3;PF;3;3;PF;3;3;PF;3;4;PF;3;4;PF;4;4;PF;4;5;PF;5;5;PF;5;5;PF;5;5;PF;5;5;PF;5;5;PF
Thailand;7;5;NF;6;3;PF;5;3;PF;2;3;F;6;6;NF;6;5;NF;5;4;PF;4;4;PF;3;4;PF;3;4;PF;3;4;PF;3;4;PF;3;4;PF;3;3;PF;3;3;PF;3;3;PF;2;3;F;2;3;F;6;4;PF;3;4;PF;3;5;PF;3;5;PF;3;4;PF;3;3;PF;3;3;PF;2;3;F;2;3;F;2;3;F;2;3;F;2;3;F;2;3;F;2;3;F;3;3;PF;7;4;NF;6;4;PF;5;4;PF;5;4;PF;5;4;PF;4;4;PF;4;4;PF;4;4;PF;6;5;NF;6;5;NF;6;5;NF;6;5;NF;7;5;NF;6;4;PF;7;5;NF;7;5;NF;6;5;NF;5;5;PF
The Gambia;2;2;F;2;2;F;2;2;F;2;2;F;2;2;F;2;2;F;2;2;F;2;2;F;2;3;F;3;4;PF;3;4;PF;3;4;PF;3;4;PF;3;4;PF;3;3;PF;3;3;PF;2;2;F;2;2;F;2;2;F;1;2;F;2;2;F;7;6;NF;7;6;NF;7;6;NF;7;6;NF;7;5;NF;7;5;NF;7;5;NF;5;5;PF;4;4;PF;4;4;PF;4;4;PF;5;4;PF;5;4;PF;5;4;PF;5;4;PF;5;5;PF;5;5;PF;6;5;NF;6;6;NF;6;6;NF;6;6;NF;7;6;NF;6;6;NF;4;5;PF;4;5;PF;4;4;PF;4;4;PF;4;4;PF;4;4;PF;4;4;PF
Timor-Leste;-;-;-;-;-;-;-;-;-;-;-;-;-;-;-;-;-;-;-;-;-;-;-;-;-;-;-;-;-;-;-;-;-;-;-;-;-;-;-;-;-;-;-;-;-;-;-;-;-;-;-;-;-;-;-;-;-;-;-;-;-;-;-;-;-;-;-;-;-;-;-;-;-;-;-;-;-;-;6;4;PF;6;3;PF;5;3;PF;3;3;PF;3;3;PF;3;3;PF;3;3;PF;3;4;PF;3;4;PF;3;4;PF;3;4;PF;3;4;PF;3;4;PF;3;4;PF;3;4;PF;3;3;PF;3;3;PF;3;3;PF;2;3;F;2;3;F;2;3;F;2;3;F;2;3;F;2;3;F;2;3;F
Togo;7;5;NF;7;5;NF;7;6;NF;7;6;NF;7;6;NF;7;6;NF;7;6;NF;7;7;NF;7;6;NF;7;6;NF;7;6;NF;6;6;NF;6;6;NF;6;6;NF;6;6;NF;6;6;NF;6;6;NF;6;6;NF;6;5;NF;6;5;NF;7;5;NF;6;5;NF;6;5;NF;6;5;NF;6;5;NF;6;5;NF;5;5;PF;5;5;PF;5;5;PF;6;5;NF;6;5;NF;6;5;NF;6;5;NF;6;5;NF;5;5;PF;5;5;PF;5;4;PF;5;4;PF;5;4;PF;5;4;PF;4;4;PF;4;4;PF;4;4;PF;4;4;PF;4;4;PF;5;4;PF;5;4;PF;5;4;PF;5;4;PF;5;4;PF;5;4;PF
Tonga;4;2;PF;5;3;PF;5;3;PF;5;3;PF;5;3;PF;5;3;PF;5;3;PF;5;3;PF;5;3;PF;5;3;PF;5;3;PF;5;3;PF;5;3;PF;5;3;PF;5;3;PF;5;3;PF;4;3;PF;3;3;PF;3;3;PF;3;3;PF;5;3;PF;5;3;PF;5;3;PF;5;3;PF;5;3;PF;5;3;PF;5;3;PF;5;3;PF;5;3;PF;5;3;PF;5;3;PF;5;3;PF;5;3;PF;5;3;PF;5;3;PF;5;3;PF;5;3;PF;3;3;PF;3;3;PF;3;2;F;2;2;F;2;2;F;2;2;F;2;2;F;2;2;F;2;2;F;2;2;F;2;2;F;2;2;F;2;2;F;2;2;F
Trinidad and Tobago;2;3;F;2;2;F;2;2;F;2;2;F;2;2;F;2;2;F;2;2;F;2;2;F;2;2;F;1;2;F;1;2;F;1;2;F;1;2;F;1;2;F;1;1;F;1;1;F;1;1;F;1;1;F;1;1;F;1;1;F;1;1;F;1;2;F;1;2;F;1;2;F;1;2;F;1;2;F;1;2;F;2;2;F;3;3;PF;3;3;PF;3;3;PF;3;3;PF;3;2;F;2;2;F;2;2;F;2;2;F;2;2;F;2;2;F;2;2;F;2;2;F;2;2;F;2;2;F;2;2;F;2;2;F;2;2;F;2;2;F;2;2;F;2;2;F;2;2;F;2;2;F;2;2;F
Tunisia;6;5;NF;6;5;NF;6;5;NF;6;5;NF;6;5;NF;6;5;NF;6;5;PF;6;5;PF;6;5;PF;5;5;PF;5;5;PF;5;5;PF;5;5;PF;6;5;PF;6;5;PF;6;4;PF;5;3;PF;5;4;PF;5;5;PF;6;5;PF;6;5;NF;6;5;NF;6;5;NF;6;5;NF;6;5;PF;6;5;NF;6;5;NF;6;5;NF;6;5;NF;6;5;NF;6;5;NF;6;5;NF;6;5;NF;6;5;NF;7;5;NF;7;5;NF;7;5;NF;7;5;NF;3;4;PF;3;4;PF;3;3;PF;1;3;F;1;3;F;1;3;F;2;3;F;2;3;F;2;3;F;2;3;F;3;3;PF;4;3;PF;5;3;PF
Turkey;3;4;PF;2;4;PF;2;3;F;2;3;F;2;3;F;2;3;F;2;3;F;2;3;F;5;5;PF;5;5;PF;4;5;PF;3;5;PF;3;5;PF;3;4;PF;2;4;PF;2;4;PF;3;3;PF;2;4;PF;2;4;PF;2;4;PF;4;4;PF;5;5;PF;5;5;PF;4;5;PF;4;5;PF;4;5;PF;4;5;PF;4;5;PF;4;5;PF;3;4;PF;3;4;PF;3;3;PF;3;3;PF;3;3;PF;3;3;PF;3;3;PF;3;3;PF;3;3;PF;3;3;PF;3;4;PF;3;4;PF;3;4;PF;3;4;PF;4;5;PF;5;6;NF;5;6;NF;5;6;NF;5;6;NF;5;6;NF;5;6;NF;5;6;NF
Turkmenistan;-;-;-;-;-;-;-;-;-;-;-;-;-;-;-;-;-;-;-;-;-;-;-;-;-;-;-;-;-;-;-;-;-;-;-;-;-;-;-;-;-;-;-;-;-;-;-;-;-;-;-;-;-;-;6;5;PF;7;6;NF;7;7;NF;7;7;NF;7;7;NF;7;7;NF;7;7;NF;7;7;NF;7;7;NF;7;7;NF;7;7;NF;7;7;NF;7;7;NF;7;7;NF;7;7;NF;7;7;NF;7;7;NF;7;7;NF;7;7;NF;7;7;NF;7;7;NF;7;7;NF;7;7;NF;7;7;NF;7;7;NF;7;7;NF;7;7;NF;7;7;NF;7;7;NF;7;7;NF;7;7;NF;7;7;NF;7;7;NF
Tuvalu;-;-;-;-;-;-;-;-;-;-;-;-;-;-;-;-;-;-;2;2;F;2;2;F;2;2;F;1;2;F;1;2;F;1;2;F;1;2;F;1;1;F;1;1;F;1;1;F;1;1;F;1;1;F;1;1;F;1;1;F;1;1;F;1;1;F;1;1;F;1;1;F;1;1;F;1;1;F;1;1;F;1;1;F;1;1;F;1;1;F;1;1;F;1;1;F;1;1;F;1;1;F;1;1;F;1;1;F;1;1;F;1;1;F;1;1;F;1;1;F;1;1;F;1;1;F;1;1;F;1;1;F;1;1;F;1;1;F;1;1;F;1;1;F;1;1;F;1;1;F;1;1;F
Uganda;7;7;NF;7;7;NF;7;7;NF;7;7;NF;7;7;NF;7;7;NF;7;7;NF;6;6;NF;4;4;PF;5;5;PF;4;5;PF;4;5;PF;5;4;PF;5;4;PF;5;4;PF;5;5;PF;6;4;PF;6;5;PF;6;6;NF;6;5;NF;6;5;NF;5;5;PF;5;4;PF;4;4;PF;4;4;PF;4;4;PF;5;5;PF;6;5;PF;6;5;PF;6;4;PF;5;4;PF;5;4;PF;5;4;PF;5;4;PF;5;4;PF;5;4;PF;5;4;PF;5;4;PF;5;4;PF;5;4;PF;6;4;PF;6;5;NF;6;5;NF;6;5;NF;6;4;PF;6;5;NF;6;5;NF;6;5;NF;6;5;NF;6;5;NF;6;5;NF
Ukraine;-;-;-;-;-;-;-;-;-;-;-;-;-;-;-;-;-;-;-;-;-;-;-;-;-;-;-;-;-;-;-;-;-;-;-;-;-;-;-;-;-;-;-;-;-;-;-;-;-;-;-;-;-;-;3;3;PF;3;3;PF;4;4;PF;3;4;PF;3;4;PF;3;4;PF;3;4;PF;3;4;PF;3;4;PF;4;4;PF;4;4;PF;4;4;PF;4;4;PF;4;3;PF;3;2;F;3;2;F;3;2;F;3;2;F;3;2;F;3;3;PF;4;3;PF;4;3;PF;4;3;PF;3;3;PF;3;3;PF;3;3;PF;3;3;PF;3;4;PF;3;3;PF;3;4;PF;3;3;PF;4;4;PF;4;4;PF
United Arab Emirates;7;5;NF;6;5;NF;6;5;NF;6;5;NF;5;5;PF;5;5;PF;5;5;PF;5;5;PF;5;5;PF;5;5;PF;5;5;PF;5;5;PF;5;5;PF;5;5;PF;5;5;PF;5;5;PF;6;5;NF;6;5;NF;6;5;NF;6;5;PF;7;5;NF;6;5;NF;6;5;NF;6;5;NF;6;5;NF;6;5;NF;6;5;NF;6;5;NF;6;5;NF;6;5;NF;6;6;NF;6;6;NF;6;6;NF;6;5;NF;6;5;NF;6;5;NF;6;5;NF;6;5;NF;6;6;NF;6;6;NF;6;6;NF;6;6;NF;6;6;NF;6;6;NF;7;6;NF;7;6;NF;7;6;NF;7;6;NF;7;6;NF;7;6;NF;7;6;NF
United Kingdom;1;1;F;1;1;F;1;1;F;1;1;F;1;1;F;1;1;F;1;1;F;1;1;F;1;1;F;1;1;F;1;1;F;1;1;F;1;1;F;1;1;F;1;1;F;1;1;F;1;1;F;1;2;F;1;2;F;1;2;F;1;2;F;1;2;F;1;2;F;1;2;F;1;2;F;1;2;F;1;2;F;1;2;F;1;2;F;1;1;F;1;1;F;1;1;F;1;1;F;1;1;F;1;1;F;1;1;F;1;1;F;1;1;F;1;1;F;1;1;F;1;1;F;1;1;F;1;1;F;1;1;F;1;1;F;1;1;F;1;1;F;1;1;F;1;1;F;1;1;F;1;1;F
United States;1;1;F;1;1;F;1;1;F;1;1;F;1;1;F;1;1;F;1;1;F;1;1;F;1;1;F;1;1;F;1;1;F;1;1;F;1;1;F;1;1;F;1;1;F;1;1;F;1;1;F;1;1;F;1;1;F;1;1;F;1;1;F;1;1;F;1;1;F;1;1;F;1;1;F;1;1;F;1;1;F;1;1;F;1;1;F;1;1;F;1;1;F;1;1;F;1;1;F;1;1;F;1;1;F;1;1;F;1;1;F;1;1;F;1;1;F;1;1;F;1;1;F;1;1;F;1;1;F;1;1;F;2;1;F;2;1;F;2;1;F;2;2;F;2;2;F;2;2;F;2;2;F
Uruguay;3;4;PF;5;5;PF;5;5;PF;5;5;PF;6;6;NF;6;6;NF;6;6;NF;6;6;NF;5;5;PF;5;5;PF;5;4;PF;5;4;PF;2;2;F;2;2;F;2;2;F;2;2;F;1;2;F;1;2;F;1;2;F;1;2;F;2;2;F;2;2;F;2;2;F;1;2;F;1;2;F;1;2;F;1;2;F;1;1;F;1;1;F;1;1;F;1;1;F;1;1;F;1;1;F;1;1;F;1;1;F;1;1;F;1;1;F;1;1;F;1;1;F;1;1;F;1;1;F;1;1;F;1;1;F;1;1;F;1;1;F;1;1;F;1;1;F;1;1;F;1;1;F;1;1;F;1;1;F
USSR;6;6;NF;6;6;NF;6;6;NF;7;6;NF;7;6;NF;7;6;NF;6;6;NF;6;6;NF;6;7;NF;6;7;NF;6;7;NF;7;7;NF;7;7;NF;7;7;NF;7;6;NF;6;5;NF;6;5;NF;5;4;PF;-;-;-;-;-;-;-;-;-;-;-;-;-;-;-;-;-;-;-;-;-;-;-;-;-;-;-;-;-;-;-;-;-;-;-;-;-;-;-;-;-;-;-;-;-;-;-;-;-;-;-;-;-;-;-;-;-;-;-;-;-;-;-;-;-;-;-;-;-;-;-;-;-;-;-;-;-;-;-;-;-;-;-;-;-;-;-;-;-;-;-;-;-;-;-;-;-;-;-
Uzbekistan;-;-;-;-;-;-;-;-;-;-;-;-;-;-;-;-;-;-;-;-;-;-;-;-;-;-;-;-;-;-;-;-;-;-;-;-;-;-;-;-;-;-;-;-;-;-;-;-;-;-;-;-;-;-;6;5;PF;6;6;NF;7;7;NF;7;7;NF;7;7;NF;7;6;NF;7;6;NF;7;6;NF;7;6;NF;7;6;NF;7;6;NF;7;6;NF;7;6;NF;7;6;NF;7;7;NF;7;7;NF;7;7;NF;7;7;NF;7;7;NF;7;7;NF;7;7;NF;7;7;NF;7;7;NF;7;7;NF;7;7;NF;7;7;NF;7;7;NF;7;6;NF;7;6;NF;7;6;NF;7;6;NF;7;6;NF;7;6;NF
Vanuatu;-;-;-;-;-;-;-;-;-;-;-;-;-;-;-;-;-;-;-;-;-;-;-;-;2;3;F;2;2;F;2;4;PF;2;4;PF;2;4;PF;2;4;PF;2;4;PF;2;4;PF;2;3;F;2;3;F;2;3;F;2;3;F;1;2;F;1;3;F;1;3;F;1;3;F;1;3;F;1;3;F;1;3;F;1;3;F;1;3;F;1;2;F;2;2;F;2;2;F;2;2;F;2;2;F;2;2;F;2;2;F;2;2;F;2;2;F;2;2;F;2;2;F;2;2;F;2;2;F;2;2;F;2;2;F;2;2;F;2;2;F;2;2;F;2;2;F;2;2;F;2;2;F;2;2;F
Venezuela;2;2;F;2;2;F;2;2;F;2;2;F;1;2;F;1;2;F;1;2;F;1;2;F;1;2;F;1;2;F;1;2;F;1;2;F;1;2;F;1;2;F;1;2;F;1;2;F;1;3;F;1;3;F;1;3;F;3;3;PF;3;3;PF;3;3;PF;3;3;PF;2;3;F;2;3;F;2;3;F;4;4;PF;3;5;PF;3;5;PF;3;4;PF;3;4;PF;3;4;PF;4;4;PF;4;4;PF;4;4;PF;4;4;PF;5;4;PF;5;5;PF;5;5;PF;5;5;PF;5;5;PF;5;5;PF;5;5;PF;6;5;NF;6;5;NF;7;6;NF;7;6;NF;7;6;NF;7;6;NF;7;6;NF;7;6;NF
Vietnam;-;-;-;-;-;-;-;-;-;-;-;-;7;7;NF;7;7;NF;7;7;NF;7;7;NF;7;7;NF;7;6;NF;7;6;NF;7;6;NF;7;7;NF;7;7;NF;6;7;NF;6;7;NF;7;7;NF;7;7;NF;7;7;NF;7;7;NF;7;7;NF;7;7;NF;7;7;NF;7;7;NF;7;7;NF;7;7;NF;7;7;NF;7;6;NF;7;6;NF;7;6;NF;7;6;NF;7;6;NF;7;5;NF;7;5;NF;7;5;NF;7;5;NF;7;5;NF;7;5;NF;7;5;NF;7;5;NF;7;5;NF;7;5;NF;7;5;NF;7;5;NF;7;5;NF;7;5;NF;7;5;NF;7;6;NF;7;6;NF;7;6;NF;7;6;NF
Vietnam, N.;7;7;NF;7;7;NF;7;7;NF;7;7;NF;-;-;-;-;-;-;-;-;-;-;-;-;-;-;-;-;-;-;-;-;-;-;-;-;-;-;-;-;-;-;-;-;-;-;-;-;-;-;-;-;-;-;-;-;-;-;-;-;-;-;-;-;-;-;-;-;-;-;-;-;-;-;-;-;-;-;-;-;-;-;-;-;-;-;-;-;-;-;-;-;-;-;-;-;-;-;-;-;-;-;-;-;-;-;-;-;-;-;-;-;-;-;-;-;-;-;-;-;-;-;-;-;-;-;-;-;-;-;-;-;-;-;-;-;-;-;-;-;-;-;-;-;-;-;-;-;-;-;-;-;-
Vietnam, S.;4;5;PF;4;5;PF;4;5;PF;7;7;NF;-;-;-;-;-;-;-;-;-;-;-;-;-;-;-;-;-;-;-;-;-;-;-;-;-;-;-;-;-;-;-;-;-;-;-;-;-;-;-;-;-;-;-;-;-;-;-;-;-;-;-;-;-;-;-;-;-;-;-;-;-;-;-;-;-;-;-;-;-;-;-;-;-;-;-;-;-;-;-;-;-;-;-;-;-;-;-;-;-;-;-;-;-;-;-;-;-;-;-;-;-;-;-;-;-;-;-;-;-;-;-;-;-;-;-;-;-;-;-;-;-;-;-;-;-;-;-;-;-;-;-;-;-;-;-;-;-;-;-;-;-
Yemen;-;-;-;-;-;-;-;-;-;-;-;-;-;-;-;-;-;-;-;-;-;-;-;-;-;-;-;-;-;-;-;-;-;-;-;-;-;-;-;-;-;-;-;-;-;-;-;-;-;-;-;6;5;PF;6;5;PF;6;4;PF;4;5;PF;5;6;NF;5;6;NF;5;6;NF;5;6;NF;5;6;NF;5;6;NF;5;6;NF;6;6;NF;6;5;NF;5;5;PF;5;5;PF;5;5;PF;5;5;PF;5;5;PF;5;5;PF;6;5;NF;6;5;NF;6;6;NF;6;6;NF;6;6;NF;6;6;NF;7;6;NF;7;6;NF;7;6;NF;7;6;NF;7;6;NF;7;6;NF;7;6;NF;7;6;NF;7;6;NF
Yemen, N.;4;4;PF;5;4;PF;5;4;PF;6;5;NF;6;5;NF;6;5;NF;6;5;NF;6;5;NF;6;5;NF;6;5;NF;6;5;NF;5;5;PF;5;5;PF;5;5;PF;5;5;PF;5;5;PF;5;5;PF;-;-;-;-;-;-;-;-;-;-;-;-;-;-;-;-;-;-;-;-;-;-;-;-;-;-;-;-;-;-;-;-;-;-;-;-;-;-;-;-;-;-;-;-;-;-;-;-;-;-;-;-;-;-;-;-;-;-;-;-;-;-;-;-;-;-;-;-;-;-;-;-;-;-;-;-;-;-;-;-;-;-;-;-;-;-;-;-;-;-;-;-;-;-;-;-;-;-;-;-;-;-
Yemen, S.;7;7;NF;7;7;NF;7;7;NF;7;7;NF;7;7;NF;7;7;NF;6;7;NF;6;7;NF;6;7;NF;6;7;NF;6;7;NF;6;7;NF;6;7;NF;6;7;NF;6;7;NF;7;7;NF;7;7;NF;-;-;-;-;-;-;-;-;-;-;-;-;-;-;-;-;-;-;-;-;-;-;-;-;-;-;-;-;-;-;-;-;-;-;-;-;-;-;-;-;-;-;-;-;-;-;-;-;-;-;-;-;-;-;-;-;-;-;-;-;-;-;-;-;-;-;-;-;-;-;-;-;-;-;-;-;-;-;-;-;-;-;-;-;-;-;-;-;-;-;-;-;-;-;-;-;-;-;-;-;-;-
Yugoslavia;6;6;NF;6;6;NF;6;6;NF;6;6;NF;6;6;NF;6;5;NF;6;5;NF;6;5;NF;6;5;NF;6;5;NF;6;5;PF;6;5;PF;6;5;PF;6;5;PF;6;5;PF;5;5;PF;5;4;PF;5;4;PF;6;5;NF;6;5;PF;6;6;NF;6;6;NF;6;6;NF;6;6;NF;6;6;NF;6;6;NF;5;5;PF;4;4;PF;3;3;PF;3;2;F;-;-;-;-;-;-;-;-;-;-;-;-;-;-;-;-;-;-;-;-;-;-;-;-;-;-;-;-;-;-;-;-;-;-;-;-;-;-;-;-;-;-;-;-;-;-;-;-;-;-;-;-;-;-;-;-;-;-;-;-;-;-;-
Zambia;5;5;PF;5;5;PF;5;4;PF;5;5;PF;5;5;PF;5;5;PF;5;5;PF;5;5;PF;5;6;PF;5;6;PF;5;6;PF;5;5;PF;5;5;PF;5;5;PF;5;5;PF;6;5;PF;6;5;PF;6;5;PF;2;3;F;2;3;F;3;4;PF;3;4;PF;3;4;PF;5;4;PF;5;4;PF;5;4;PF;5;4;PF;5;4;PF;5;4;PF;4;4;PF;4;4;PF;4;4;PF;4;4;PF;3;4;PF;3;4;PF;3;3;PF;3;4;PF;3;4;PF;3;4;PF;3;4;PF;3;4;PF;3;4;PF;3;4;PF;4;4;PF;4;4;PF;4;4;PF;4;4;PF;4;4;PF;4;4;PF;4;4;PF;4;4;PF
Zimbabwe;6;5;NF;6;5;NF;6;5;NF;6;5;NF;6;5;NF;6;5;NF;5;5;PF;4;4;PF;3;4;PF;3;5;PF;4;5;PF;4;5;PF;4;6;PF;4;6;PF;5;6;PF;6;5;PF;6;4;PF;6;4;PF;5;4;PF;5;4;PF;5;5;PF;5;5;PF;5;5;PF;5;5;PF;5;5;PF;5;5;PF;6;5;PF;6;5;PF;6;6;NF;6;6;NF;6;6;NF;7;6;NF;7;6;NF;7;6;NF;7;6;NF;7;6;NF;6;6;NF;6;6;NF;6;6;NF;6;6;NF;5;6;NF;5;6;NF;5;5;PF;5;5;PF;6;5;NF;5;5;PF;5;5;PF;6;5;NF;6;5;NF;6;5;NF;6;5;NF
;;;;;;;;;;;;;;;;;;;;;;;;;;;;;;;;;;;;;;;;;;;;;;;;;;;;;;;;;;;;;;;;;;;;;;;;;;;;;;;;;;;;;;;;;;;;;;;;;;;;;;;;;;;;;;;;;;;;;;;;;;;;;;;;;;;;;;;;;;;;;;;;;;;;;;;;;
;;;;;;;;;;;;;;;;;;;;;;;;;;;;;;;;;;;;;;;;;;;;;;;;;;;;;;;;;;;;;;;;;;;;;;;;;;;;;;;;;;;;;;;;;;;;;;;;;;;;;;;;;;;;;;;;;;;;;;;;;;;;;;;;;;;;;;;;;;;;;;;;;;;;;;;;;
;;;;;;;;;;;;;;;;;;;;;;;;;;;;;;;;;;;;;;;;;;;;;;;;;;;;;;;;;;;;;;;;;;;;;;;;;;;;;;;;;;;;;;;;;;;;;;;;;;;;;;;;;;;;;;;;;;;;;;;;;;;;;;;;;;;;;;;;;;;;;;;;;;;;;;;;;
;;;;;;;;;;;;;;;;;;;;;;;;;;;;;;;;;;;;;;;;;;;;;;;;;;;;;;;;;;;;;;;;;;;;;;;;;;;;;;;;;;;;;;;;;;;;;;;;;;;;;;;;;;;;;;;;;;;;;;;;;;;;;;;;;;;;;;;;;;;;;;;;;;;;;;;;;
;;;;;;;;;;;;;;;;;;;;;;;;;;;;;;;;;;;;;;;;;;;;;;;;;;;;;;;;;;;;;;;;;;;;;;;;;;;;;;;;;;;;;;;;;;;;;;;;;;;;;;;;;;;;;;;;;;;;;;;;;;;;;;;;;;;;;;;;;;;;;;;;;;;;;;;;;
;;;;;;;;;;;;;;;;;;;;;;;;;;;;;;;;;;;;;;;;;;;;;;;;;;;;;;;;;;;;;;;;;;;;;;;;;;;;;;;;;;;;;;;;;;;;;;;;;;;;;;;;;;;;;;;;;;;;;;;;;;;;;;;;;;;;;;;;;;;;;;;;;;;;;;;;;
;;;;;;;;;;;;;;;;;;;;;;;;;;;;;;;;;;;;;;;;;;;;;;;;;;;;;;;;;;;;;;;;;;;;;;;;;;;;;;;;;;;;;;;;;;;;;;;;;;;;;;;;;;;;;;;;;;;;;;;;;;;;;;;;;;;;;;;;;;;;;;;;;;;;;;;;;
;;;;;;;;;;;;;;;;;;;;;;;;;;;;;;;;;;;;;;;;;;;;;;;;;;;;;;;;;;;;;;;;;;;;;;;;;;;;;;;;;;;;;;;;;;;;;;;;;;;;;;;;;;;;;;;;;;;;;;;;;;;;;;;;;;;;;;;;;;;;;;;;;;;;;;;;;
;;;;;;;;;;;;;;;;;;;;;;;;;;;;;;;;;;;;;;;;;;;;;;;;;;;;;;;;;;;;;;;;;;;;;;;;;;;;;;;;;;;;;;;;;;;;;;;;;;;;;;;;;;;;;;;;;;;;;;;;;;;;;;;;;;;;;;;;;;;;;;;;;;;;;;;;;
;;;;;;;;;;;;;;;;;;;;;;;;;;;;;;;;;;;;;;;;;;;;;;;;;;;;;;;;;;;;;;;;;;;;;;;;;;;;;;;;;;;;;;;;;;;;;;;;;;;;;;;;;;;;;;;;;;;;;;;;;;;;;;;;;;;;;;;;;;;;;;;;;;;;;;;;;
;;;;;;;;;;;;;;;;;;;;;;;;;;;;;;;;;;;;;;;;;;;;;;;;;;;;;;;;;;;;;;;;;;;;;;;;;;;;;;;;;;;;;;;;;;;;;;;;;;;;;;;;;;;;;;;;;;;;;;;;;;;;;;;;;;;;;;;;;;;;;;;;;;;;;;;;;
;;;;;;;;;;;;;;;;;;;;;;;;;;;;;;;;;;;;;;;;;;;;;;;;;;;;;;;;;;;;;;;;;;;;;;;;;;;;;;;;;;;;;;;;;;;;;;;;;;;;;;;;;;;;;;;;;;;;;;;;;;;;;;;;;;;;;;;;;;;;;;;;;;;;;;;;;
;;;;;;;;;;;;;;;;;;;;;;;;;;;;;;;;;;;;;;;;;;;;;;;;;;;;;;;;;;;;;;;;;;;;;;;;;;;;;;;;;;;;;;;;;;;;;;;;;;;;;;;;;;;;;;;;;;;;;;;;;;;;;;;;;;;;;;;;;;;;;;;;;;;;;;;;;
;;;;;;;;;;;;;;;;;;;;;;;;;;;;;;;;;;;;;;;;;;;;;;;;;;;;;;;;;;;;;;;;;;;;;;;;;;;;;;;;;;;;;;;;;;;;;;;;;;;;;;;;;;;;;;;;;;;;;;;;;;;;;;;;;;;;;;;;;;;;;;;;;;;;;;;;;
;;;;;;;;;;;;;;;;;;;;;;;;;;;;;;;;;;;;;;;;;;;;;;;;;;;;;;;;;;;;;;;;;;;;;;;;;;;;;;;;;;;;;;;;;;;;;;;;;;;;;;;;;;;;;;;;;;;;;;;;;;;;;;;;;;;;;;;;;;;;;;;;;;;;;;;;;
;;;;;;;;;;;;;;;;;;;;;;;;;;;;;;;;;;;;;;;;;;;;;;;;;;;;;;;;;;;;;;;;;;;;;;;;;;;;;;;;;;;;;;;;;;;;;;;;;;;;;;;;;;;;;;;;;;;;;;;;;;;;;;;;;;;;;;;;;;;;;;;;;;;;;;;;;
;;;;;;;;;;;;;;;;;;;;;;;;;;;;;;;;;;;;;;;;;;;;;;;;;;;;;;;;;;;;;;;;;;;;;;;;;;;;;;;;;;;;;;;;;;;;;;;;;;;;;;;;;;;;;;;;;;;;;;;;;;;;;;;;;;;;;;;;;;;;;;;;;;;;;;;;;
;;;;;;;;;;;;;;;;;;;;;;;;;;;;;;;;;;;;;;;;;;;;;;;;;;;;;;;;;;;;;;;;;;;;;;;;;;;;;;;;;;;;;;;;;;;;;;;;;;;;;;;;;;;;;;;;;;;;;;;;;;;;;;;;;;;;;;;;;;;;;;;;;;;;;;;;;
;;;;;;;;;;;;;;;;;;;;;;;;;;;;;;;;;;;;;;;;;;;;;;;;;;;;;;;;;;;;;;;;;;;;;;;;;;;;;;;;;;;;;;;;;;;;;;;;;;;;;;;;;;;;;;;;;;;;;;;;;;;;;;;;;;;;;;;;;;;;;;;;;;;;;;;;;
;;;;;;;;;;;;;;;;;;;;;;;;;;;;;;;;;;;;;;;;;;;;;;;;;;;;;;;;;;;;;;;;;;;;;;;;;;;;;;;;;;;;;;;;;;;;;;;;;;;;;;;;;;;;;;;;;;;;;;;;;;;;;;;;;;;;;;;;;;;;;;;;;;;;;;;;;
;;;;;;;;;;;;;;;;;;;;;;;;;;;;;;;;;;;;;;;;;;;;;;;;;;;;;;;;;;;;;;;;;;;;;;;;;;;;;;;;;;;;;;;;;;;;;;;;;;;;;;;;;;;;;;;;;;;;;;;;;;;;;;;;;;;;;;;;;;;;;;;;;;;;;;;;;
;;;;;;;;;;;;;;;;;;;;;;;;;;;;;;;;;;;;;;;;;;;;;;;;;;;;;;;;;;;;;;;;;;;;;;;;;;;;;;;;;;;;;;;;;;;;;;;;;;;;;;;;;;;;;;;;;;;;;;;;;;;;;;;;;;;;;;;;;;;;;;;;;;;;;;;;;
;;;;;;;;;;;;;;;;;;;;;;;;;;;;;;;;;;;;;;;;;;;;;;;;;;;;;;;;;;;;;;;;;;;;;;;;;;;;;;;;;;;;;;;;;;;;;;;;;;;;;;;;;;;;;;;;;;;;;;;;;;;;;;;;;;;;;;;;;;;;;;;;;;;;;;;;;
;;;;;;;;;;;;;;;;;;;;;;;;;;;;;;;;;;;;;;;;;;;;;;;;;;;;;;;;;;;;;;;;;;;;;;;;;;;;;;;;;;;;;;;;;;;;;;;;;;;;;;;;;;;;;;;;;;;;;;;;;;;;;;;;;;;;;;;;;;;;;;;;;;;;;;;;;
;;;;;;;;;;;;;;;;;;;;;;;;;;;;;;;;;;;;;;;;;;;;;;;;;;;;;;;;;;;;;;;;;;;;;;;;;;;;;;;;;;;;;;;;;;;;;;;;;;;;;;;;;;;;;;;;;;;;;;;;;;;;;;;;;;;;;;;;;;;;;;;;;;;;;;;;;
;;;;;;;;;;;;;;;;;;;;;;;;;;;;;;;;;;;;;;;;;;;;;;;;;;;;;;;;;;;;;;;;;;;;;;;;;;;;;;;;;;;;;;;;;;;;;;;;;;;;;;;;;;;;;;;;;;;;;;;;;;;;;;;;;;;;;;;;;;;;;;;;;;;;;;;;;
;;;;;;;;;;;;;;;;;;;;;;;;;;;;;;;;;;;;;;;;;;;;;;;;;;;;;;;;;;;;;;;;;;;;;;;;;;;;;;;;;;;;;;;;;;;;;;;;;;;;;;;;;;;;;;;;;;;;;;;;;;;;;;;;;;;;;;;;;;;;;;;;;;;;;;;;;
;;;;;;;;;;;;;;;;;;;;;;;;;;;;;;;;;;;;;;;;;;;;;;;;;;;;;;;;;;;;;;;;;;;;;;;;;;;;;;;;;;;;;;;;;;;;;;;;;;;;;;;;;;;;;;;;;;;;;;;;;;;;;;;;;;;;;;;;;;;;;;;;;;;;;;;;;
;;;;;;;;;;;;;;;;;;;;;;;;;;;;;;;;;;;;;;;;;;;;;;;;;;;;;;;;;;;;;;;;;;;;;;;;;;;;;;;;;;;;;;;;;;;;;;;;;;;;;;;;;;;;;;;;;;;;;;;;;;;;;;;;;;;;;;;;;;;;;;;;;;;;;;;;;
;;;;;;;;;;;;;;;;;;;;;;;;;;;;;;;;;;;;;;;;;;;;;;;;;;;;;;;;;;;;;;;;;;;;;;;;;;;;;;;;;;;;;;;;;;;;;;;;;;;;;;;;;;;;;;;;;;;;;;;;;;;;;;;;;;;;;;;;;;;;;;;;;;;;;;;;;
;;;;;;;;;;;;;;;;;;;;;;;;;;;;;;;;;;;;;;;;;;;;;;;;;;;;;;;;;;;;;;;;;;;;;;;;;;;;;;;;;;;;;;;;;;;;;;;;;;;;;;;;;;;;;;;;;;;;;;;;;;;;;;;;;;;;;;;;;;;;;;;;;;;;;;;;;
;;;;;;;;;;;;;;;;;;;;;;;;;;;;;;;;;;;;;;;;;;;;;;;;;;;;;;;;;;;;;;;;;;;;;;;;;;;;;;;;;;;;;;;;;;;;;;;;;;;;;;;;;;;;;;;;;;;;;;;;;;;;;;;;;;;;;;;;;;;;;;;;;;;;;;;;;
;;;;;;;;;;;;;;;;;;;;;;;;;;;;;;;;;;;;;;;;;;;;;;;;;;;;;;;;;;;;;;;;;;;;;;;;;;;;;;;;;;;;;;;;;;;;;;;;;;;;;;;;;;;;;;;;;;;;;;;;;;;;;;;;;;;;;;;;;;;;;;;;;;;;;;;;;
;;;;;;;;;;;;;;;;;;;;;;;;;;;;;;;;;;;;;;;;;;;;;;;;;;;;;;;;;;;;;;;;;;;;;;;;;;;;;;;;;;;;;;;;;;;;;;;;;;;;;;;;;;;;;;;;;;;;;;;;;;;;;;;;;;;;;;;;;;;;;;;;;;;;;;;;;
;;;;;;;;;;;;;;;;;;;;;;;;;;;;;;;;;;;;;;;;;;;;;;;;;;;;;;;;;;;;;;;;;;;;;;;;;;;;;;;;;;;;;;;;;;;;;;;;;;;;;;;;;;;;;;;;;;;;;;;;;;;;;;;;;;;;;;;;;;;;;;;;;;;;;;;;;
;;;;;;;;;;;;;;;;;;;;;;;;;;;;;;;;;;;;;;;;;;;;;;;;;;;;;;;;;;;;;;;;;;;;;;;;;;;;;;;;;;;;;;;;;;;;;;;;;;;;;;;;;;;;;;;;;;;;;;;;;;;;;;;;;;;;;;;;;;;;;;;;;;;;;;;;;
;;;;;;;;;;;;;;;;;;;;;;;;;;;;;;;;;;;;;;;;;;;;;;;;;;;;;;;;;;;;;;;;;;;;;;;;;;;;;;;;;;;;;;;;;;;;;;;;;;;;;;;;;;;;;;;;;;;;;;;;;;;;;;;;;;;;;;;;;;;;;;;;;;;;;;;;;
;;;;;;;;;;;;;;;;;;;;;;;;;;;;;;;;;;;;;;;;;;;;;;;;;;;;;;;;;;;;;;;;;;;;;;;;;;;;;;;;;;;;;;;;;;;;;;;;;;;;;;;;;;;;;;;;;;;;;;;;;;;;;;;;;;;;;;;;;;;;;;;;;;;;;;;;;
;;;;;;;;;;;;;;;;;;;;;;;;;;;;;;;;;;;;;;;;;;;;;;;;;;;;;;;;;;;;;;;;;;;;;;;;;;;;;;;;;;;;;;;;;;;;;;;;;;;;;;;;;;;;;;;;;;;;;;;;;;;;;;;;;;;;;;;;;;;;;;;;;;;;;;;;;
;;;;;;;;;;;;;;;;;;;;;;;;;;;;;;;;;;;;;;;;;;;;;;;;;;;;;;;;;;;;;;;;;;;;;;;;;;;;;;;;;;;;;;;;;;;;;;;;;;;;;;;;;;;;;;;;;;;;;;;;;;;;;;;;;;;;;;;;;;;;;;;;;;;;;;;;;
;;;;;;;;;;;;;;;;;;;;;;;;;;;;;;;;;;;;;;;;;;;;;;;;;;;;;;;;;;;;;;;;;;;;;;;;;;;;;;;;;;;;;;;;;;;;;;;;;;;;;;;;;;;;;;;;;;;;;;;;;;;;;;;;;;;;;;;;;;;;;;;;;;;;;;;;;
;;;;;;;;;;;;;;;;;;;;;;;;;;;;;;;;;;;;;;;;;;;;;;;;;;;;;;;;;;;;;;;;;;;;;;;;;;;;;;;;;;;;;;;;;;;;;;;;;;;;;;;;;;;;;;;;;;;;;;;;;;;;;;;;;;;;;;;;;;;;;;;;;;;;;;;;;
;;;;;;;;;;;;;;;;;;;;;;;;;;;;;;;;;;;;;;;;;;;;;;;;;;;;;;;;;;;;;;;;;;;;;;;;;;;;;;;;;;;;;;;;;;;;;;;;;;;;;;;;;;;;;;;;;;;;;;;;;;;;;;;;;;;;;;;;;;;;;;;;;;;;;;;;;
;;;;;;;;;;;;;;;;;;;;;;;;;;;;;;;;;;;;;;;;;;;;;;;;;;;;;;;;;;;;;;;;;;;;;;;;;;;;;;;;;;;;;;;;;;;;;;;;;;;;;;;;;;;;;;;;;;;;;;;;;;;;;;;;;;;;;;;;;;;;;;;;;;;;;;;;;
;;;;;;;;;;;;;;;;;;;;;;;;;;;;;;;;;;;;;;;;;;;;;;;;;;;;;;;;;;;;;;;;;;;;;;;;;;;;;;;;;;;;;;;;;;;;;;;;;;;;;;;;;;;;;;;;;;;;;;;;;;;;;;;;;;;;;;;;;;;;;;;;;;;;;;;;;
;;;;;;;;;;;;;;;;;;;;;;;;;;;;;;;;;;;;;;;;;;;;;;;;;;;;;;;;;;;;;;;;;;;;;;;;;;;;;;;;;;;;;;;;;;;;;;;;;;;;;;;;;;;;;;;;;;;;;;;;;;;;;;;;;;;;;;;;;;;;;;;;;;;;;;;;;
;;;;;;;;;;;;;;;;;;;;;;;;;;;;;;;;;;;;;;;;;;;;;;;;;;;;;;;;;;;;;;;;;;;;;;;;;;;;;;;;;;;;;;;;;;;;;;;;;;;;;;;;;;;;;;;;;;;;;;;;;;;;;;;;;;;;;;;;;;;;;;;;;;;;;;;;;
;;;;;;;;;;;;;;;;;;;;;;;;;;;;;;;;;;;;;;;;;;;;;;;;;;;;;;;;;;;;;;;;;;;;;;;;;;;;;;;;;;;;;;;;;;;;;;;;;;;;;;;;;;;;;;;;;;;;;;;;;;;;;;;;;;;;;;;;;;;;;;;;;;;;;;;;;
;;;;;;;;;;;;;;;;;;;;;;;;;;;;;;;;;;;;;;;;;;;;;;;;;;;;;;;;;;;;;;;;;;;;;;;;;;;;;;;;;;;;;;;;;;;;;;;;;;;;;;;;;;;;;;;;;;;;;;;;;;;;;;;;;;;;;;;;;;;;;;;;;;;;;;;;;
;;;;;;;;;;;;;;;;;;;;;;;;;;;;;;;;;;;;;;;;;;;;;;;;;;;;;;;;;;;;;;;;;;;;;;;;;;;;;;;;;;;;;;;;;;;;;;;;;;;;;;;;;;;;;;;;;;;;;;;;;;;;;;;;;;;;;;;;;;;;;;;;;;;;;;;;;
;;;;;;;;;;;;;;;;;;;;;;;;;;;;;;;;;;;;;;;;;;;;;;;;;;;;;;;;;;;;;;;;;;;;;;;;;;;;;;;;;;;;;;;;;;;;;;;;;;;;;;;;;;;;;;;;;;;;;;;;;;;;;;;;;;;;;;;;;;;;;;;;;;;;;;;;;
;;;;;;;;;;;;;;;;;;;;;;;;;;;;;;;;;;;;;;;;;;;;;;;;;;;;;;;;;;;;;;;;;;;;;;;;;;;;;;;;;;;;;;;;;;;;;;;;;;;;;;;;;;;;;;;;;;;;;;;;;;;;;;;;;;;;;;;;;;;;;;;;;;;;;;;;;
;;;;;;;;;;;;;;;;;;;;;;;;;;;;;;;;;;;;;;;;;;;;;;;;;;;;;;;;;;;;;;;;;;;;;;;;;;;;;;;;;;;;;;;;;;;;;;;;;;;;;;;;;;;;;;;;;;;;;;;;;;;;;;;;;;;;;;;;;;;;;;;;;;;;;;;;;
;;;;;;;;;;;;;;;;;;;;;;;;;;;;;;;;;;;;;;;;;;;;;;;;;;;;;;;;;;;;;;;;;;;;;;;;;;;;;;;;;;;;;;;;;;;;;;;;;;;;;;;;;;;;;;;;;;;;;;;;;;;;;;;;;;;;;;;;;;;;;;;;;;;;;;;;;
;;;;;;;;;;;;;;;;;;;;;;;;;;;;;;;;;;;;;;;;;;;;;;;;;;;;;;;;;;;;;;;;;;;;;;;;;;;;;;;;;;;;;;;;;;;;;;;;;;;;;;;;;;;;;;;;;;;;;;;;;;;;;;;;;;;;;;;;;;;;;;;;;;;;;;;;;
;;;;;;;;;;;;;;;;;;;;;;;;;;;;;;;;;;;;;;;;;;;;;;;;;;;;;;;;;;;;;;;;;;;;;;;;;;;;;;;;;;;;;;;;;;;;;;;;;;;;;;;;;;;;;;;;;;;;;;;;;;;;;;;;;;;;;;;;;;;;;;;;;;;;;;;;;
;;;;;;;;;;;;;;;;;;;;;;;;;;;;;;;;;;;;;;;;;;;;;;;;;;;;;;;;;;;;;;;;;;;;;;;;;;;;;;;;;;;;;;;;;;;;;;;;;;;;;;;;;;;;;;;;;;;;;;;;;;;;;;;;;;;;;;;;;;;;;;;;;;;;;;;;;
;;;;;;;;;;;;;;;;;;;;;;;;;;;;;;;;;;;;;;;;;;;;;;;;;;;;;;;;;;;;;;;;;;;;;;;;;;;;;;;;;;;;;;;;;;;;;;;;;;;;;;;;;;;;;;;;;;;;;;;;;;;;;;;;;;;;;;;;;;;;;;;;;;;;;;;;;
;;;;;;;;;;;;;;;;;;;;;;;;;;;;;;;;;;;;;;;;;;;;;;;;;;;;;;;;;;;;;;;;;;;;;;;;;;;;;;;;;;;;;;;;;;;;;;;;;;;;;;;;;;;;;;;;;;;;;;;;;;;;;;;;;;;;;;;;;;;;;;;;;;;;;;;;;
;;;;;;;;;;;;;;;;;;;;;;;;;;;;;;;;;;;;;;;;;;;;;;;;;;;;;;;;;;;;;;;;;;;;;;;;;;;;;;;;;;;;;;;;;;;;;;;;;;;;;;;;;;;;;;;;;;;;;;;;;;;;;;;;;;;;;;;;;;;;;;;;;;;;;;;;;
;;;;;;;;;;;;;;;;;;;;;;;;;;;;;;;;;;;;;;;;;;;;;;;;;;;;;;;;;;;;;;;;;;;;;;;;;;;;;;;;;;;;;;;;;;;;;;;;;;;;;;;;;;;;;;;;;;;;;;;;;;;;;;;;;;;;;;;;;;;;;;;;;;;;;;;;;
;;;;;;;;;;;;;;;;;;;;;;;;;;;;;;;;;;;;;;;;;;;;;;;;;;;;;;;;;;;;;;;;;;;;;;;;;;;;;;;;;;;;;;;;;;;;;;;;;;;;;;;;;;;;;;;;;;;;;;;;;;;;;;;;;;;;;;;;;;;;;;;;;;;;;;;;;
;;;;;;;;;;;;;;;;;;;;;;;;;;;;;;;;;;;;;;;;;;;;;;;;;;;;;;;;;;;;;;;;;;;;;;;;;;;;;;;;;;;;;;;;;;;;;;;;;;;;;;;;;;;;;;;;;;;;;;;;;;;;;;;;;;;;;;;;;;;;;;;;;;;;;;;;;
;;;;;;;;;;;;;;;;;;;;;;;;;;;;;;;;;;;;;;;;;;;;;;;;;;;;;;;;;;;;;;;;;;;;;;;;;;;;;;;;;;;;;;;;;;;;;;;;;;;;;;;;;;;;;;;;;;;;;;;;;;;;;;;;;;;;;;;;;;;;;;;;;;;;;;;;;
;;;;;;;;;;;;;;;;;;;;;;;;;;;;;;;;;;;;;;;;;;;;;;;;;;;;;;;;;;;;;;;;;;;;;;;;;;;;;;;;;;;;;;;;;;;;;;;;;;;;;;;;;;;;;;;;;;;;;;;;;;;;;;;;;;;;;;;;;;;;;;;;;;;;;;;;;
;;;;;;;;;;;;;;;;;;;;;;;;;;;;;;;;;;;;;;;;;;;;;;;;;;;;;;;;;;;;;;;;;;;;;;;;;;;;;;;;;;;;;;;;;;;;;;;;;;;;;;;;;;;;;;;;;;;;;;;;;;;;;;;;;;;;;;;;;;;;;;;;;;;;;;;;;
;;;;;;;;;;;;;;;;;;;;;;;;;;;;;;;;;;;;;;;;;;;;;;;;;;;;;;;;;;;;;;;;;;;;;;;;;;;;;;;;;;;;;;;;;;;;;;;;;;;;;;;;;;;;;;;;;;;;;;;;;;;;;;;;;;;;;;;;;;;;;;;;;;;;;;;;;
;;;;;;;;;;;;;;;;;;;;;;;;;;;;;;;;;;;;;;;;;;;;;;;;;;;;;;;;;;;;;;;;;;;;;;;;;;;;;;;;;;;;;;;;;;;;;;;;;;;;;;;;;;;;;;;;;;;;;;;;;;;;;;;;;;;;;;;;;;;;;;;;;;;;;;;;;
;;;;;;;;;;;;;;;;;;;;;;;;;;;;;;;;;;;;;;;;;;;;;;;;;;;;;;;;;;;;;;;;;;;;;;;;;;;;;;;;;;;;;;;;;;;;;;;;;;;;;;;;;;;;;;;;;;;;;;;;;;;;;;;;;;;;;;;;;;;;;;;;;;;;;;;;;
;;;;;;;;;;;;;;;;;;;;;;;;;;;;;;;;;;;;;;;;;;;;;;;;;;;;;;;;;;;;;;;;;;;;;;;;;;;;;;;;;;;;;;;;;;;;;;;;;;;;;;;;;;;;;;;;;;;;;;;;;;;;;;;;;;;;;;;;;;;;;;;;;;;;;;;;;
;;;;;;;;;;;;;;;;;;;;;;;;;;;;;;;;;;;;;;;;;;;;;;;;;;;;;;;;;;;;;;;;;;;;;;;;;;;;;;;;;;;;;;;;;;;;;;;;;;;;;;;;;;;;;;;;;;;;;;;;;;;;;;;;;;;;;;;;;;;;;;;;;;;;;;;;;
;;;;;;;;;;;;;;;;;;;;;;;;;;;;;;;;;;;;;;;;;;;;;;;;;;;;;;;;;;;;;;;;;;;;;;;;;;;;;;;;;;;;;;;;;;;;;;;;;;;;;;;;;;;;;;;;;;;;;;;;;;;;;;;;;;;;;;;;;;;;;;;;;;;;;;;;;
;;;;;;;;;;;;;;;;;;;;;;;;;;;;;;;;;;;;;;;;;;;;;;;;;;;;;;;;;;;;;;;;;;;;;;;;;;;;;;;;;;;;;;;;;;;;;;;;;;;;;;;;;;;;;;;;;;;;;;;;;;;;;;;;;;;;;;;;;;;;;;;;;;;;;;;;;
;;;;;;;;;;;;;;;;;;;;;;;;;;;;;;;;;;;;;;;;;;;;;;;;;;;;;;;;;;;;;;;;;;;;;;;;;;;;;;;;;;;;;;;;;;;;;;;;;;;;;;;;;;;;;;;;;;;;;;;;;;;;;;;;;;;;;;;;;;;;;;;;;;;;;;;;;
;;;;;;;;;;;;;;;;;;;;;;;;;;;;;;;;;;;;;;;;;;;;;;;;;;;;;;;;;;;;;;;;;;;;;;;;;;;;;;;;;;;;;;;;;;;;;;;;;;;;;;;;;;;;;;;;;;;;;;;;;;;;;;;;;;;;;;;;;;;;;;;;;;;;;;;;;
;;;;;;;;;;;;;;;;;;;;;;;;;;;;;;;;;;;;;;;;;;;;;;;;;;;;;;;;;;;;;;;;;;;;;;;;;;;;;;;;;;;;;;;;;;;;;;;;;;;;;;;;;;;;;;;;;;;;;;;;;;;;;;;;;;;;;;;;;;;;;;;;;;;;;;;;;
;;;;;;;;;;;;;;;;;;;;;;;;;;;;;;;;;;;;;;;;;;;;;;;;;;;;;;;;;;;;;;;;;;;;;;;;;;;;;;;;;;;;;;;;;;;;;;;;;;;;;;;;;;;;;;;;;;;;;;;;;;;;;;;;;;;;;;;;;;;;;;;;;;;;;;;;;
;;;;;;;;;;;;;;;;;;;;;;;;;;;;;;;;;;;;;;;;;;;;;;;;;;;;;;;;;;;;;;;;;;;;;;;;;;;;;;;;;;;;;;;;;;;;;;;;;;;;;;;;;;;;;;;;;;;;;;;;;;;;;;;;;;;;;;;;;;;;;;;;;;;;;;;;;
;;;;;;;;;;;;;;;;;;;;;;;;;;;;;;;;;;;;;;;;;;;;;;;;;;;;;;;;;;;;;;;;;;;;;;;;;;;;;;;;;;;;;;;;;;;;;;;;;;;;;;;;;;;;;;;;;;;;;;;;;;;;;;;;;;;;;;;;;;;;;;;;;;;;;;;;;
;;;;;;;;;;;;;;;;;;;;;;;;;;;;;;;;;;;;;;;;;;;;;;;;;;;;;;;;;;;;;;;;;;;;;;;;;;;;;;;;;;;;;;;;;;;;;;;;;;;;;;;;;;;;;;;;;;;;;;;;;;;;;;;;;;;;;;;;;;;;;;;;;;;;;;;;;
;;;;;;;;;;;;;;;;;;;;;;;;;;;;;;;;;;;;;;;;;;;;;;;;;;;;;;;;;;;;;;;;;;;;;;;;;;;;;;;;;;;;;;;;;;;;;;;;;;;;;;;;;;;;;;;;;;;;;;;;;;;;;;;;;;;;;;;;;;;;;;;;;;;;;;;;;
;;;;;;;;;;;;;;;;;;;;;;;;;;;;;;;;;;;;;;;;;;;;;;;;;;;;;;;;;;;;;;;;;;;;;;;;;;;;;;;;;;;;;;;;;;;;;;;;;;;;;;;;;;;;;;;;;;;;;;;;;;;;;;;;;;;;;;;;;;;;;;;;;;;;;;;;;
;;;;;;;;;;;;;;;;;;;;;;;;;;;;;;;;;;;;;;;;;;;;;;;;;;;;;;;;;;;;;;;;;;;;;;;;;;;;;;;;;;;;;;;;;;;;;;;;;;;;;;;;;;;;;;;;;;;;;;;;;;;;;;;;;;;;;;;;;;;;;;;;;;;;;;;;;
;;;;;;;;;;;;;;;;;;;;;;;;;;;;;;;;;;;;;;;;;;;;;;;;;;;;;;;;;;;;;;;;;;;;;;;;;;;;;;;;;;;;;;;;;;;;;;;;;;;;;;;;;;;;;;;;;;;;;;;;;;;;;;;;;;;;;;;;;;;;;;;;;;;;;;;;;
;;;;;;;;;;;;;;;;;;;;;;;;;;;;;;;;;;;;;;;;;;;;;;;;;;;;;;;;;;;;;;;;;;;;;;;;;;;;;;;;;;;;;;;;;;;;;;;;;;;;;;;;;;;;;;;;;;;;;;;;;;;;;;;;;;;;;;;;;;;;;;;;;;;;;;;;;
;;;;;;;;;;;;;;;;;;;;;;;;;;;;;;;;;;;;;;;;;;;;;;;;;;;;;;;;;;;;;;;;;;;;;;;;;;;;;;;;;;;;;;;;;;;;;;;;;;;;;;;;;;;;;;;;;;;;;;;;;;;;;;;;;;;;;;;;;;;;;;;;;;;;;;;;;
;;;;;;;;;;;;;;;;;;;;;;;;;;;;;;;;;;;;;;;;;;;;;;;;;;;;;;;;;;;;;;;;;;;;;;;;;;;;;;;;;;;;;;;;;;;;;;;;;;;;;;;;;;;;;;;;;;;;;;;;;;;;;;;;;;;;;;;;;;;;;;;;;;;;;;;;;
;;;;;;;;;;;;;;;;;;;;;;;;;;;;;;;;;;;;;;;;;;;;;;;;;;;;;;;;;;;;;;;;;;;;;;;;;;;;;;;;;;;;;;;;;;;;;;;;;;;;;;;;;;;;;;;;;;;;;;;;;;;;;;;;;;;;;;;;;;;;;;;;;;;;;;;;;
;;;;;;;;;;;;;;;;;;;;;;;;;;;;;;;;;;;;;;;;;;;;;;;;;;;;;;;;;;;;;;;;;;;;;;;;;;;;;;;;;;;;;;;;;;;;;;;;;;;;;;;;;;;;;;;;;;;;;;;;;;;;;;;;;;;;;;;;;;;;;;;;;;;;;;;;;
;;;;;;;;;;;;;;;;;;;;;;;;;;;;;;;;;;;;;;;;;;;;;;;;;;;;;;;;;;;;;;;;;;;;;;;;;;;;;;;;;;;;;;;;;;;;;;;;;;;;;;;;;;;;;;;;;;;;;;;;;;;;;;;;;;;;;;;;;;;;;;;;;;;;;;;;;
;;;;;;;;;;;;;;;;;;;;;;;;;;;;;;;;;;;;;;;;;;;;;;;;;;;;;;;;;;;;;;;;;;;;;;;;;;;;;;;;;;;;;;;;;;;;;;;;;;;;;;;;;;;;;;;;;;;;;;;;;;;;;;;;;;;;;;;;;;;;;;;;;;;;;;;;;
;;;;;;;;;;;;;;;;;;;;;;;;;;;;;;;;;;;;;;;;;;;;;;;;;;;;;;;;;;;;;;;;;;;;;;;;;;;;;;;;;;;;;;;;;;;;;;;;;;;;;;;;;;;;;;;;;;;;;;;;;;;;;;;;;;;;;;;;;;;;;;;;;;;;;;;;;
;;;;;;;;;;;;;;;;;;;;;;;;;;;;;;;;;;;;;;;;;;;;;;;;;;;;;;;;;;;;;;;;;;;;;;;;;;;;;;;;;;;;;;;;;;;;;;;;;;;;;;;;;;;;;;;;;;;;;;;;;;;;;;;;;;;;;;;;;;;;;;;;;;;;;;;;;
;;;;;;;;;;;;;;;;;;;;;;;;;;;;;;;;;;;;;;;;;;;;;;;;;;;;;;;;;;;;;;;;;;;;;;;;;;;;;;;;;;;;;;;;;;;;;;;;;;;;;;;;;;;;;;;;;;;;;;;;;;;;;;;;;;;;;;;;;;;;;;;;;;;;;;;;;
;;;;;;;;;;;;;;;;;;;;;;;;;;;;;;;;;;;;;;;;;;;;;;;;;;;;;;;;;;;;;;;;;;;;;;;;;;;;;;;;;;;;;;;;;;;;;;;;;;;;;;;;;;;;;;;;;;;;;;;;;;;;;;;;;;;;;;;;;;;;;;;;;;;;;;;;;
;;;;;;;;;;;;;;;;;;;;;;;;;;;;;;;;;;;;;;;;;;;;;;;;;;;;;;;;;;;;;;;;;;;;;;;;;;;;;;;;;;;;;;;;;;;;;;;;;;;;;;;;;;;;;;;;;;;;;;;;;;;;;;;;;;;;;;;;;;;;;;;;;;;;;;;;;
;;;;;;;;;;;;;;;;;;;;;;;;;;;;;;;;;;;;;;;;;;;;;;;;;;;;;;;;;;;;;;;;;;;;;;;;;;;;;;;;;;;;;;;;;;;;;;;;;;;;;;;;;;;;;;;;;;;;;;;;;;;;;;;;;;;;;;;;;;;;;;;;;;;;;;;;;
;;;;;;;;;;;;;;;;;;;;;;;;;;;;;;;;;;;;;;;;;;;;;;;;;;;;;;;;;;;;;;;;;;;;;;;;;;;;;;;;;;;;;;;;;;;;;;;;;;;;;;;;;;;;;;;;;;;;;;;;;;;;;;;;;;;;;;;;;;;;;;;;;;;;;;;;;
;;;;;;;;;;;;;;;;;;;;;;;;;;;;;;;;;;;;;;;;;;;;;;;;;;;;;;;;;;;;;;;;;;;;;;;;;;;;;;;;;;;;;;;;;;;;;;;;;;;;;;;;;;;;;;;;;;;;;;;;;;;;;;;;;;;;;;;;;;;;;;;;;;;;;;;;;
;;;;;;;;;;;;;;;;;;;;;;;;;;;;;;;;;;;;;;;;;;;;;;;;;;;;;;;;;;;;;;;;;;;;;;;;;;;;;;;;;;;;;;;;;;;;;;;;;;;;;;;;;;;;;;;;;;;;;;;;;;;;;;;;;;;;;;;;;;;;;;;;;;;;;;;;;
;;;;;;;;;;;;;;;;;;;;;;;;;;;;;;;;;;;;;;;;;;;;;;;;;;;;;;;;;;;;;;;;;;;;;;;;;;;;;;;;;;;;;;;;;;;;;;;;;;;;;;;;;;;;;;;;;;;;;;;;;;;;;;;;;;;;;;;;;;;;;;;;;;;;;;;;;
;;;;;;;;;;;;;;;;;;;;;;;;;;;;;;;;;;;;;;;;;;;;;;;;;;;;;;;;;;;;;;;;;;;;;;;;;;;;;;;;;;;;;;;;;;;;;;;;;;;;;;;;;;;;;;;;;;;;;;;;;;;;;;;;;;;;;;;;;;;;;;;;;;;;;;;;;
;;;;;;;;;;;;;;;;;;;;;;;;;;;;;;;;;;;;;;;;;;;;;;;;;;;;;;;;;;;;;;;;;;;;;;;;;;;;;;;;;;;;;;;;;;;;;;;;;;;;;;;;;;;;;;;;;;;;;;;;;;;;;;;;;;;;;;;;;;;;;;;;;;;;;;;;;
;;;;;;;;;;;;;;;;;;;;;;;;;;;;;;;;;;;;;;;;;;;;;;;;;;;;;;;;;;;;;;;;;;;;;;;;;;;;;;;;;;;;;;;;;;;;;;;;;;;;;;;;;;;;;;;;;;;;;;;;;;;;;;;;;;;;;;;;;;;;;;;;;;;;;;;;;
;;;;;;;;;;;;;;;;;;;;;;;;;;;;;;;;;;;;;;;;;;;;;;;;;;;;;;;;;;;;;;;;;;;;;;;;;;;;;;;;;;;;;;;;;;;;;;;;;;;;;;;;;;;;;;;;;;;;;;;;;;;;;;;;;;;;;;;;;;;;;;;;;;;;;;;;;
;;;;;;;;;;;;;;;;;;;;;;;;;;;;;;;;;;;;;;;;;;;;;;;;;;;;;;;;;;;;;;;;;;;;;;;;;;;;;;;;;;;;;;;;;;;;;;;;;;;;;;;;;;;;;;;;;;;;;;;;;;;;;;;;;;;;;;;;;;;;;;;;;;;;;;;;;
;;;;;;;;;;;;;;;;;;;;;;;;;;;;;;;;;;;;;;;;;;;;;;;;;;;;;;;;;;;;;;;;;;;;;;;;;;;;;;;;;;;;;;;;;;;;;;;;;;;;;;;;;;;;;;;;;;;;;;;;;;;;;;;;;;;;;;;;;;;;;;;;;;;;;;;;;
;;;;;;;;;;;;;;;;;;;;;;;;;;;;;;;;;;;;;;;;;;;;;;;;;;;;;;;;;;;;;;;;;;;;;;;;;;;;;;;;;;;;;;;;;;;;;;;;;;;;;;;;;;;;;;;;;;;;;;;;;;;;;;;;;;;;;;;;;;;;;;;;;;;;;;;;;
;;;;;;;;;;;;;;;;;;;;;;;;;;;;;;;;;;;;;;;;;;;;;;;;;;;;;;;;;;;;;;;;;;;;;;;;;;;;;;;;;;;;;;;;;;;;;;;;;;;;;;;;;;;;;;;;;;;;;;;;;;;;;;;;;;;;;;;;;;;;;;;;;;;;;;;;;
;;;;;;;;;;;;;;;;;;;;;;;;;;;;;;;;;;;;;;;;;;;;;;;;;;;;;;;;;;;;;;;;;;;;;;;;;;;;;;;;;;;;;;;;;;;;;;;;;;;;;;;;;;;;;;;;;;;;;;;;;;;;;;;;;;;;;;;;;;;;;;;;;;;;;;;;;
;;;;;;;;;;;;;;;;;;;;;;;;;;;;;;;;;;;;;;;;;;;;;;;;;;;;;;;;;;;;;;;;;;;;;;;;;;;;;;;;;;;;;;;;;;;;;;;;;;;;;;;;;;;;;;;;;;;;;;;;;;;;;;;;;;;;;;;;;;;;;;;;;;;;;;;;;
;;;;;;;;;;;;;;;;;;;;;;;;;;;;;;;;;;;;;;;;;;;;;;;;;;;;;;;;;;;;;;;;;;;;;;;;;;;;;;;;;;;;;;;;;;;;;;;;;;;;;;;;;;;;;;;;;;;;;;;;;;;;;;;;;;;;;;;;;;;;;;;;;;;;;;;;;
;;;;;;;;;;;;;;;;;;;;;;;;;;;;;;;;;;;;;;;;;;;;;;;;;;;;;;;;;;;;;;;;;;;;;;;;;;;;;;;;;;;;;;;;;;;;;;;;;;;;;;;;;;;;;;;;;;;;;;;;;;;;;;;;;;;;;;;;;;;;;;;;;;;;;;;;;
;;;;;;;;;;;;;;;;;;;;;;;;;;;;;;;;;;;;;;;;;;;;;;;;;;;;;;;;;;;;;;;;;;;;;;;;;;;;;;;;;;;;;;;;;;;;;;;;;;;;;;;;;;;;;;;;;;;;;;;;;;;;;;;;;;;;;;;;;;;;;;;;;;;;;;;;;
;;;;;;;;;;;;;;;;;;;;;;;;;;;;;;;;;;;;;;;;;;;;;;;;;;;;;;;;;;;;;;;;;;;;;;;;;;;;;;;;;;;;;;;;;;;;;;;;;;;;;;;;;;;;;;;;;;;;;;;;;;;;;;;;;;;;;;;;;;;;;;;;;;;;;;;;;
;;;;;;;;;;;;;;;;;;;;;;;;;;;;;;;;;;;;;;;;;;;;;;;;;;;;;;;;;;;;;;;;;;;;;;;;;;;;;;;;;;;;;;;;;;;;;;;;;;;;;;;;;;;;;;;;;;;;;;;;;;;;;;;;;;;;;;;;;;;;;;;;;;;;;;;;;
;;;;;;;;;;;;;;;;;;;;;;;;;;;;;;;;;;;;;;;;;;;;;;;;;;;;;;;;;;;;;;;;;;;;;;;;;;;;;;;;;;;;;;;;;;;;;;;;;;;;;;;;;;;;;;;;;;;;;;;;;;;;;;;;;;;;;;;;;;;;;;;;;;;;;;;;;
;;;;;;;;;;;;;;;;;;;;;;;;;;;;;;;;;;;;;;;;;;;;;;;;;;;;;;;;;;;;;;;;;;;;;;;;;;;;;;;;;;;;;;;;;;;;;;;;;;;;;;;;;;;;;;;;;;;;;;;;;;;;;;;;;;;;;;;;;;;;;;;;;;;;;;;;;